PRAGMA foreign_keys=OFF;
BEGIN TRANSACTION;
CREATE TABLE "schema_migrations" ("version" varchar(255) NOT NULL);
INSERT INTO "schema_migrations" VALUES('20130804131439');
INSERT INTO "schema_migrations" VALUES('20130804151646');
INSERT INTO "schema_migrations" VALUES('20130805212421');
INSERT INTO "schema_migrations" VALUES('20130805213439');
INSERT INTO "schema_migrations" VALUES('20130806215557');
INSERT INTO "schema_migrations" VALUES('20130806224454');
INSERT INTO "schema_migrations" VALUES('20130806224617');
INSERT INTO "schema_migrations" VALUES('20130812221333');
INSERT INTO "schema_migrations" VALUES('20130816184806');
CREATE TABLE "nights" ("id" INTEGER PRIMARY KEY AUTOINCREMENT NOT NULL, "start_date" datetime, "end_date" datetime, "created_at" datetime, "updated_at" datetime);
CREATE TABLE "observations" ("id" INTEGER PRIMARY KEY AUTOINCREMENT NOT NULL, "observation_number" integer, "night_id" integer, "log" text, "created_at" datetime, "updated_at" datetime);
INSERT INTO "observations" VALUES(2,1786,NULL,NULL,'2013-08-06 22:23:24.236637','2013-08-06 22:23:24.236637');
INSERT INTO "observations" VALUES(3,1783,NULL,NULL,'2013-08-06 23:04:45.871795','2013-08-06 23:04:45.871795');
INSERT INTO "observations" VALUES(4,1783,NULL,NULL,'2013-08-06 23:07:37.469330','2013-08-06 23:07:37.469330');
INSERT INTO "observations" VALUES(5,1783,NULL,NULL,'2013-08-06 23:08:14.250055','2013-08-06 23:08:14.250055');
CREATE TABLE "measurements" ("id" INTEGER PRIMARY KEY AUTOINCREMENT NOT NULL, "mjd" float, "sky_background" float, "humidity" float, "ambient_temp" float, "ccd_temp" float, "fwhm" float, "created_at" datetime, "updated_at" datetime, "observation_id" integer, "airmass" float, "tel_ra" float, "tel_dec" float, "exposure_time" float, "moon_distance" float, "sun_distance" float);
INSERT INTO "measurements" VALUES(11,56506.9623726852,246.772913117547,79.0,19.8444405,-50.0419998,3.86317857903383,'2013-08-06 22:23:24.243282','2013-08-06 22:23:24.243282',2,1.02463627,285.891424031544,49.1922849212142,5.0,161.961151,149.337463);
INSERT INTO "measurements" VALUES(12,56506.9587731482,248.409009463722,79.0,19.8222218,-50.0419998,3.77962785883281,'2013-08-06 22:23:24.244943','2013-08-06 22:23:24.244943',2,1.02139568,285.892596592467,49.1920638702568,5.0,161.909058,149.341888);
INSERT INTO "measurements" VALUES(13,56506.9624768519,246.679161045014,79.0,19.8444405,-50.0419998,3.91681431489942,'2013-08-06 22:23:24.246217','2013-08-06 22:23:24.246217',2,1.02472973,285.891328766125,49.1923094558368,5.0,161.962723,149.33728);
INSERT INTO "measurements" VALUES(14,56506.9588657408,247.811330826156,79.0,19.8222218,-50.0419998,3.81001209359456,'2013-08-06 22:23:24.247493','2013-08-06 22:23:24.247493',2,1.02147233,285.892605916863,49.1919666112656,5.0,161.910355,149.341812);
INSERT INTO "measurements" VALUES(15,56506.9625578704,246.6068716963,79.0,19.8444405,-50.0419998,3.64135894702066,'2013-08-06 22:23:24.248788','2013-08-06 22:23:24.248788',2,1.02481186,285.891296321842,49.1923184081807,5.0,161.963898,149.337173);
INSERT INTO "measurements" VALUES(16,56506.9589467593,247.586400880519,79.0,19.8222218,-50.0419998,3.9047370864926,'2013-08-06 22:23:24.250094','2013-08-06 22:23:24.250094',2,1.02155054,285.891775259881,49.192122418126,5.0,161.912338,149.341125);
INSERT INTO "measurements" VALUES(17,56506.962650463,246.504241856105,79.0,19.8444405,-50.0419998,3.46757226608273,'2013-08-06 22:23:24.251366','2013-08-06 22:23:24.251366',2,1.02489471,285.891250198988,49.1922285846074,5.0,161.965256,149.337067);
INSERT INTO "measurements" VALUES(18,56506.9590393519,247.600533333333,79.0,19.8222218,-50.0419998,3.79722395833333,'2013-08-06 22:23:24.252694','2013-08-06 22:23:24.252694',2,1.02162826,285.891170837801,49.1921087804091,5.0,161.914246,149.340607);
INSERT INTO "measurements" VALUES(19,56506.9628240741,246.329121540313,79.0,19.8444405,-50.0419998,3.77412238643201,'2013-08-06 22:23:24.253971','2013-08-06 22:23:24.253971',2,1.02505827,285.891294239348,49.1922815753861,5.0,161.967651,149.336914);
INSERT INTO "measurements" VALUES(20,56506.9591319445,247.656905478627,79.0,19.8222218,-50.0419998,3.69192175270921,'2013-08-06 22:23:24.255246','2013-08-06 22:23:24.255246',2,1.02170777,285.890690409228,49.192125966945,5.0,161.916046,149.340164);
INSERT INTO "measurements" VALUES(21,56506.9627314815,246.423481781377,79.0,19.8444405,-50.0419998,3.68625784226899,'2013-08-06 22:23:24.256532','2013-08-06 22:23:24.256532',2,1.02497649,285.891274060194,49.192304462454,5.0,161.96637,149.33699);
INSERT INTO "measurements" VALUES(22,56506.959212963,247.676913425345,79.0,19.8222218,-50.0419998,4.12171816185696,'2013-08-06 22:23:24.257815','2013-08-06 22:23:24.257815',2,1.02178442,285.890511779898,49.192087616624,5.0,161.917358,149.339966);
INSERT INTO "measurements" VALUES(23,56506.9629050926,246.280617495712,79.0,19.8444405,-50.0419998,3.90101255245344,'2013-08-06 22:23:24.259093','2013-08-06 22:23:24.259093',2,1.02514052,285.891310242708,49.1921364396721,5.0,161.968781,149.336884);
INSERT INTO "measurements" VALUES(24,56506.9593055556,247.711042566317,79.0,19.8222218,-50.0419998,3.91366416371067,'2013-08-06 22:23:24.260415','2013-08-06 22:23:24.260415',2,1.02186096,285.890518534645,49.1921720140954,5.0,161.918671,149.339859);
INSERT INTO "measurements" VALUES(25,56506.9629976852,246.205757832346,79.0,19.8444405,-50.0419998,3.67669650417322,'2013-08-06 22:23:24.261693','2013-08-06 22:23:24.261693',2,1.02522385,285.89125186115,49.1921688500183,5.0,161.970139,149.336746);
INSERT INTO "measurements" VALUES(26,56506.9593865741,247.665370392461,79.0,19.8222218,-50.0419998,3.6691231976172,'2013-08-06 22:23:24.262967','2013-08-06 22:23:24.262967',2,1.02193761,285.89060817481,49.1922479867126,5.0,161.919739,149.339828);
INSERT INTO "measurements" VALUES(27,56506.9630787037,246.178786035762,78.1999969,19.8888855,-50.0419998,3.79922440434558,'2013-08-06 22:23:24.264248','2013-08-06 22:23:24.264248',2,1.0253067,285.891329427445,49.1920588178276,5.0,161.971207,149.336731);
INSERT INTO "measurements" VALUES(28,56506.9594791667,247.694106233325,79.0,19.8222218,-50.0419998,3.7947316786169,'2013-08-06 22:23:24.265530','2013-08-06 22:23:24.265530',2,1.02201426,285.890724303593,49.1923197661193,5.0,161.920929,149.339813);
INSERT INTO "measurements" VALUES(29,56506.9631712963,246.163923823212,78.1999969,19.8888855,-50.0419998,3.80844169211882,'2013-08-06 22:23:24.266808','2013-08-06 22:23:24.266808',2,1.02538955,285.891293079032,49.1921230024264,5.0,161.972549,149.336609);
INSERT INTO "measurements" VALUES(30,56506.9595601852,247.685049672886,79.0,19.8444405,-50.0419998,3.66254382344924,'2013-08-06 22:23:24.268101','2013-08-06 22:23:24.268101',2,1.0220902,285.89087254885,49.1923646465359,5.0,161.921936,149.339828);
INSERT INTO "measurements" VALUES(31,56506.9637847222,246.328987417615,78.1999969,19.8888855,-50.0419998,3.70938131927801,'2013-08-06 22:23:24.269384','2013-08-06 22:23:24.269384',2,1.02598155,285.891267445276,49.1921723530841,5.0,161.981232,149.335968);
INSERT INTO "measurements" VALUES(32,56506.9596527778,247.685377585378,79.0,19.8444405,-50.0419998,3.59732156948954,'2013-08-06 22:23:24.270686','2013-08-06 22:23:24.270686',2,1.02216744,285.890999516148,49.1922865283789,5.0,161.923111,149.339844);
INSERT INTO "measurements" VALUES(33,56506.9637037037,246.224622338527,78.1999969,19.8888855,-50.0419998,3.686850894344,'2013-08-06 22:23:24.271968','2013-08-06 22:23:24.271968',2,1.02589679,285.891288643659,49.1921752388633,5.0,161.980072,149.336075);
INSERT INTO "measurements" VALUES(34,56506.9597453704,247.698303030303,79.0,19.8444405,-50.0419998,3.73820620265152,'2013-08-06 22:23:24.273241','2013-08-06 22:23:24.273241',2,1.02224469,285.891180870928,49.1922794844541,5.0,161.92424,149.339874);
INSERT INTO "measurements" VALUES(35,56506.9638773148,246.384254044338,78.1999969,19.8888855,-50.0419998,3.61476651437987,'2013-08-06 22:23:24.274518','2013-08-06 22:23:24.274518',2,1.02606583,285.89132032639,49.1921534967974,5.0,161.982483,149.335922);
INSERT INTO "measurements" VALUES(36,56506.9598263889,247.660697343454,79.0,19.8444405,-50.0419998,3.58131620056037,'2013-08-06 22:23:24.275810','2013-08-06 22:23:24.275810',2,1.02232087,285.891324344935,49.1922725242784,5.0,161.925247,149.339905);
INSERT INTO "measurements" VALUES(37,56506.9639699074,246.466755030727,78.1999969,19.8888855,-50.0419998,3.6811374582028,'2013-08-06 22:23:24.277084','2013-08-06 22:23:24.277084',2,1.02614999,285.891349600582,49.1921857677014,5.0,161.983765,149.335846);
INSERT INTO "measurements" VALUES(38,56506.9599189815,247.610597140454,79.0,19.8444405,-50.0419998,3.73941280938364,'2013-08-06 22:23:24.278365','2013-08-06 22:23:24.278365',2,1.02239907,285.891376256072,49.1922179370123,5.0,161.926498,149.339859);
INSERT INTO "measurements" VALUES(39,56506.9640509259,246.527557932264,78.1999969,19.8888855,-50.0419998,3.66320999517231,'2013-08-06 22:23:24.279647','2013-08-06 22:23:24.279647',2,1.02623522,285.891260704971,49.1921470083819,5.0,161.984985,149.335709);
INSERT INTO "measurements" VALUES(40,56506.96,247.606434761961,79.0,19.8444405,-50.0419998,3.67094979891369,'2013-08-06 22:23:24.280973','2013-08-06 22:23:24.280973',2,1.02247655,285.891418050091,49.1922822044003,5.0,161.927612,149.339798);
INSERT INTO "measurements" VALUES(41,56506.9641435185,246.618146811071,78.1999969,19.8888855,-50.0419998,3.70232494735259,'2013-08-06 22:23:24.282253','2013-08-06 22:23:24.282253',2,1.02631974,285.891417768543,49.1921280144464,5.0,161.986145,149.335739);
INSERT INTO "measurements" VALUES(42,56506.9600925926,247.575680151408,79.0,19.8444405,-50.0419998,3.53290232434351,'2013-08-06 22:23:24.283547','2013-08-06 22:23:24.283547',2,1.02255452,285.891391070304,49.1922360410338,5.0,161.928955,149.339691);
INSERT INTO "measurements" VALUES(43,56506.964224537,246.678077430181,78.1999969,19.8888855,-50.0419998,3.59511458895182,'2013-08-06 22:23:24.314494','2013-08-06 22:23:24.314494',2,1.02640378,285.891439620531,49.19213267193,5.0,161.987259,149.335663);
INSERT INTO "measurements" VALUES(44,56506.9601736111,247.599313040389,79.0,19.8444405,-50.0419998,3.60463457153855,'2013-08-06 22:23:24.316273','2013-08-06 22:23:24.316273',2,1.0226326,285.891370547075,49.1922250679757,5.0,161.930115,149.3396);
INSERT INTO "measurements" VALUES(45,56506.9643171296,246.693579283434,78.1999969,19.8888855,-50.0419998,3.61495100212841,'2013-08-06 22:23:24.317508','2013-08-06 22:23:24.317508',2,1.02648926,285.891325168353,49.192145771856,5.0,161.988678,149.335495);
INSERT INTO "measurements" VALUES(46,56506.9602662037,247.663804832278,79.0,19.8444405,-50.0419998,3.54036801951384,'2013-08-06 22:23:24.318746','2013-08-06 22:23:24.318746',2,1.02271056,285.891393890514,49.1922223579225,5.0,161.931396,149.339523);
INSERT INTO "measurements" VALUES(47,56506.9643981482,246.76651497006,78.1999969,19.8888855,-50.0419998,3.5386653255988,'2013-08-06 22:23:24.319989','2013-08-06 22:23:24.319989',2,1.0265739,285.891411449199,49.1922173168915,5.0,161.989731,149.335464);
INSERT INTO "measurements" VALUES(48,56506.9603587963,247.59826652221,79.0,19.8444405,-50.0419998,3.907710552847,'2013-08-06 22:23:24.321217','2013-08-06 22:23:24.321217',2,1.02278936,285.891244091321,49.1921680066806,5.0,161.932861,149.33934);
INSERT INTO "measurements" VALUES(49,56506.9644907408,246.846833473004,78.1999969,19.8888855,-50.0419998,3.88565134719562,'2013-08-06 22:23:24.322442','2013-08-06 22:23:24.322442',2,1.02665913,285.891453241367,49.1922854778049,5.0,161.990997,149.335388);
INSERT INTO "measurements" VALUES(50,56506.9604398148,247.633421814672,79.0,19.8444405,-50.0419998,3.79187459467,'2013-08-06 22:23:24.323669','2013-08-06 22:23:24.323669',2,1.02286732,285.891213657623,49.1921536307944,5.0,161.934036,149.339249);
INSERT INTO "measurements" VALUES(51,56506.9645833333,246.906827794562,78.1999969,19.8888855,-50.0419998,3.75645133119335,'2013-08-06 22:23:24.324900','2013-08-06 22:23:24.324900',2,1.02674496,285.891400810473,49.1923295303336,5.0,161.992355,149.335251);
INSERT INTO "measurements" VALUES(52,56506.9605324074,247.615603172724,79.0,19.8444405,-50.0419998,3.62734088285782,'2013-08-06 22:23:24.326129','2013-08-06 22:23:24.326129',2,1.02294719,285.891040499934,49.1920992698045,5.0,161.935516,149.339035);
INSERT INTO "measurements" VALUES(53,56506.9646643519,246.976157322585,78.1999969,19.8888855,-50.0419998,3.88680439454318,'2013-08-06 22:23:24.327358','2013-08-06 22:23:24.327358',2,1.02683055,285.891449711971,49.1922553843504,5.0,161.993454,149.33522);
INSERT INTO "measurements" VALUES(54,56506.9606134259,247.512667450059,79.0,19.8444405,-50.0419998,3.51057235054348,'2013-08-06 22:23:24.328605','2013-08-06 22:23:24.328605',2,1.02302504,285.891123478031,49.1920488118396,5.0,161.936584,149.33902);
INSERT INTO "measurements" VALUES(55,56506.9647569445,247.087974606275,78.1999969,19.8888855,-50.0419998,3.82090146578562,'2013-08-06 22:23:24.329834','2013-08-06 22:23:24.329834',2,1.02691591,285.891474084137,49.1922758870157,5.0,161.99472,149.335144);
INSERT INTO "measurements" VALUES(56,56506.9607060185,247.476321729833,79.0,19.8444405,-50.0419998,3.75576005962635,'2013-08-06 22:23:24.331120','2013-08-06 22:23:24.331120',2,1.02310526,285.891129104679,49.192117194437,5.0,161.937881,149.338928);
INSERT INTO "measurements" VALUES(57,56506.964837963,247.139582833853,78.1999969,19.8888855,-50.0419998,3.79038253341525,'2013-08-06 22:23:24.332396','2013-08-06 22:23:24.332396',2,1.02700198,285.891343883298,49.1922606153483,5.0,161.996002,149.334976);
INSERT INTO "measurements" VALUES(58,56506.9607870371,247.426966292135,79.0,19.8444405,-50.0419998,3.53489706534595,'2013-08-06 22:23:24.333632','2013-08-06 22:23:24.333632',2,1.0231837,285.891249229444,49.1922047981747,5.0,161.938919,149.338913);
INSERT INTO "measurements" VALUES(59,56506.9649305556,247.231726662599,78.1999969,19.8888855,-50.0419998,3.86116605971629,'2013-08-06 22:23:24.334867','2013-08-06 22:23:24.334867',2,1.02708852,285.891351010166,49.19230872956,5.0,161.997299,149.334869);
INSERT INTO "measurements" VALUES(60,56506.9608796296,247.417253394209,79.0,19.8444405,-50.0419998,3.57975921392527,'2013-08-06 22:23:24.336133','2013-08-06 22:23:24.336133',2,1.02326274,285.891215391893,49.1921862326056,5.0,161.940262,149.338806);
INSERT INTO "measurements" VALUES(61,56506.9650115741,247.23,78.1999969,19.8888855,-50.0419998,3.67490561453349,'2013-08-06 22:23:24.337370','2013-08-06 22:23:24.337370',2,1.02717483,285.891297348089,49.1923652401235,5.0,161.998489,149.334747);
INSERT INTO "measurements" VALUES(62,56506.9609722222,247.32002379536,79.0,19.8444405,-50.0419998,3.55182090273647,'2013-08-06 22:23:24.338607','2013-08-06 22:23:24.338607',2,1.02334177,285.891286496376,49.1921357496081,5.0,161.941498,149.338776);
INSERT INTO "measurements" VALUES(63,56506.9651041667,247.240508132494,78.1999969,19.8888855,-50.0419998,3.76583856145376,'2013-08-06 22:23:24.339858','2013-08-06 22:23:24.339858',2,1.0272603,285.891403795708,49.1924091021205,5.0,161.999695,149.334717);
INSERT INTO "measurements" VALUES(64,56506.9610532408,247.274069642216,79.0,19.8444405,-50.0419998,3.53546217803937,'2013-08-06 22:23:24.341137','2013-08-06 22:23:24.341137',2,1.02342117,285.891305210686,49.1921405727804,5.0,161.942627,149.338699);
INSERT INTO "measurements" VALUES(65,56506.9651851852,247.24480994152,78.1999969,19.8888855,-50.0419998,3.90889937789352,'2013-08-06 22:23:24.342370','2013-08-06 22:23:24.342370',2,1.02734697,285.89143224366,49.192330784776,5.0,162.000793,149.334671);
INSERT INTO "measurements" VALUES(66,56506.9611458333,247.223148813803,79.0,19.8444405,-50.0419998,3.69439912270848,'2013-08-06 22:23:24.343613','2013-08-06 22:23:24.343613',2,1.02350068,285.891416939831,49.1921887927409,5.0,161.943817,149.338684);
INSERT INTO "measurements" VALUES(67,56506.9652777778,247.219167566271,78.1999969,19.8888855,-50.0419998,3.87687300400324,'2013-08-06 22:23:24.344856','2013-08-06 22:23:24.344856',2,1.0274334,285.891501678963,49.1923076771198,5.0,162.002029,149.334641);
INSERT INTO "measurements" VALUES(68,56506.9612268519,247.113491295938,79.0,19.8444405,-50.0419998,3.7965158724462,'2013-08-06 22:23:24.346094','2013-08-06 22:23:24.346094',2,1.02358115,285.891377890404,49.1921107743187,5.0,161.945007,149.338593);
INSERT INTO "measurements" VALUES(69,56506.9653703704,247.222636068725,78.1999969,19.8888855,-50.0419998,3.82570113503244,'2013-08-06 22:23:24.347328','2013-08-06 22:23:24.347328',2,1.02752018,285.891535690884,49.1923599028001,5.0,162.003311,149.334564);
INSERT INTO "measurements" VALUES(70,56506.9613194445,247.028172095284,79.0,19.8444405,-50.0419998,3.8637714302534,'2013-08-06 22:23:24.348569','2013-08-06 22:23:24.348569',2,1.0236603,285.891475020017,49.1921514474993,5.0,161.946213,149.338562);
INSERT INTO "measurements" VALUES(71,56506.9654513889,247.290367476499,78.1999969,19.8888855,-50.0419998,3.91992998222134,'2013-08-06 22:23:24.349799','2013-08-06 22:23:24.349799',2,1.02760816,285.891480224473,49.1923686865687,5.0,162.004501,149.334442);
INSERT INTO "measurements" VALUES(72,56506.9614120371,246.974367581825,79.0,19.8444405,-50.0419998,3.76750436473444,'2013-08-06 22:23:24.351074','2013-08-06 22:23:24.351074',2,1.02374458,285.891393268209,49.1922114835867,5.0,161.947617,149.338394);
INSERT INTO "measurements" VALUES(73,56506.9655439815,247.254204022292,78.1999969,19.8888855,-50.0419998,3.77826352185304,'2013-08-06 22:23:24.352345','2013-08-06 22:23:24.352345',2,1.02769542,285.891466208296,49.1924285297104,5.0,162.005814,149.33432);
INSERT INTO "measurements" VALUES(74,56506.9614930556,246.92153605393,79.0,19.8444405,-50.0419998,3.7511433787017,'2013-08-06 22:23:24.353582','2013-08-06 22:23:24.353582',2,1.02382481,285.891340906724,49.1922598864209,5.0,161.948807,149.338272);
INSERT INTO "measurements" VALUES(75,56506.965625,247.305554886131,78.1999969,19.8888855,-50.0419998,3.65848224371912,'2013-08-06 22:23:24.354816','2013-08-06 22:23:24.354816',2,1.02778256,285.891428601018,49.1924649435412,5.0,162.007004,149.334213);
INSERT INTO "measurements" VALUES(76,56506.9615856482,246.869098450653,79.0,19.8444405,-50.0419998,3.89785992588752,'2013-08-06 22:23:24.356058','2013-08-06 22:23:24.356058',2,1.02390552,285.891342518398,49.1922688441247,5.0,161.950119,149.338181);
INSERT INTO "measurements" VALUES(77,56506.9657175926,247.234021752414,78.1999969,19.8888855,-50.0419998,3.91363693213064,'2013-08-06 22:23:24.357300','2013-08-06 22:23:24.357300',2,1.02787066,285.891382778639,49.1924854419961,5.0,162.008347,149.334091);
INSERT INTO "measurements" VALUES(78,56506.9616666667,246.843263527418,79.0,19.8444405,-50.0419998,3.8297710060828,'2013-08-06 22:23:24.358549','2013-08-06 22:23:24.358549',2,1.02398562,285.891388943017,49.1923095515248,5.0,161.951218,149.33812);
INSERT INTO "measurements" VALUES(79,56506.9657986111,247.181129793154,78.1999969,19.8888855,-50.0419998,3.8894236403018,'2013-08-06 22:23:24.359795','2013-08-06 22:23:24.359795',2,1.02795827,285.891420184483,49.1925334782514,5.0,162.009445,149.334015);
INSERT INTO "measurements" VALUES(80,56506.9617592593,246.808459948949,79.0,19.8444405,-50.0419998,3.927186445925,'2013-08-06 22:23:24.361061','2013-08-06 22:23:24.361061',2,1.02406645,285.891340794461,49.1922232145297,5.0,161.952576,149.338013);
INSERT INTO "measurements" VALUES(81,56506.9658912037,247.117183914986,78.1999969,19.8888855,-50.0419998,3.85536214300809,'2013-08-06 22:23:24.362348','2013-08-06 22:23:24.362348',2,1.02804577,285.891456565963,49.192494482868,5.0,162.010712,149.333969);
INSERT INTO "measurements" VALUES(82,56506.9618518519,246.801736441484,79.0,19.8444405,-50.0419998,3.68310825627379,'2013-08-06 22:23:24.363630','2013-08-06 22:23:24.363630',2,1.02414787,285.891319460495,49.1922204458691,5.0,161.953903,149.337906);
INSERT INTO "measurements" VALUES(83,56506.9659722222,247.108534970507,78.1999969,19.8888855,-50.0419998,3.82071948921091,'2013-08-06 22:23:24.364875','2013-08-06 22:23:24.364875',2,1.02813363,285.891469034634,49.1923809433087,5.0,162.011841,149.333908);
INSERT INTO "measurements" VALUES(84,56506.9619328704,246.787887492519,79.0,19.8444405,-50.0419998,3.58793200179533,'2013-08-06 22:23:24.366109','2013-08-06 22:23:24.366109',2,1.02422857,285.891326562648,49.1921624116585,5.0,161.955032,149.337845);
INSERT INTO "measurements" VALUES(85,56506.9660648148,247.02480338778,78.1999969,19.8888855,-50.0419998,3.95018999546279,'2013-08-06 22:23:24.367344','2013-08-06 22:23:24.367344',2,1.02822173,285.891520872369,49.1923812664022,5.0,162.013092,149.333862);
INSERT INTO "measurements" VALUES(86,56506.962025463,246.788233898707,79.0,19.8444405,-50.0419998,3.51366793678093,'2013-08-06 22:23:24.368586','2013-08-06 22:23:24.368586',2,1.02431023,285.891329000364,49.1922383185019,5.0,161.956345,149.337738);
INSERT INTO "measurements" VALUES(87,56506.9661574074,246.990454436163,78.1999969,19.8888855,-50.0419998,3.90058034909233,'2013-08-06 22:23:24.369822','2013-08-06 22:23:24.369822',2,1.02831018,285.891484760659,49.1924059002154,5.0,162.014435,149.33374);
INSERT INTO "measurements" VALUES(88,56506.9621064815,246.812073677956,79.0,19.8444405,-50.0419998,3.6660768995098,'2013-08-06 22:23:24.371089','2013-08-06 22:23:24.371089',2,1.02439046,285.891465528858,49.1922588578211,5.0,161.957352,149.337753);
INSERT INTO "measurements" VALUES(89,56506.9662384259,246.950559066602,78.1999969,19.8888855,-50.0419998,3.85011854528743,'2013-08-06 22:23:24.372331','2013-08-06 22:23:24.372331',2,1.02839887,285.89139900044,49.1923552837029,5.0,162.015656,149.333603);
INSERT INTO "measurements" VALUES(90,56506.9621990741,246.752875342303,79.0,19.8444405,-50.0419998,3.65241188497143,'2013-08-06 22:23:24.402698','2013-08-06 22:23:24.402698',2,1.02447188,285.891534309445,49.1922911725043,5.0,161.958588,149.337708);
INSERT INTO "measurements" VALUES(91,56506.9663310185,246.883431455004,78.1999969,19.8888855,-50.0419998,3.68374182423705,'2013-08-06 22:23:24.404211','2013-08-06 22:23:24.404211',2,1.02848721,285.891399943644,49.1923757136197,5.0,162.016953,149.333511);
INSERT INTO "measurements" VALUES(92,56506.9622800926,246.757110501848,79.0,19.8444405,-50.0419998,3.62296166296638,'2013-08-06 22:23:24.405437','2013-08-06 22:23:24.405437',2,1.02455413,285.89143704484,49.1922248990313,5.0,161.959839,149.33757);
INSERT INTO "measurements" VALUES(93,56506.9632638889,246.133616298812,78.1999969,19.8888855,-50.0419998,3.76125285176146,'2013-08-06 22:23:24.406651','2013-08-06 22:23:24.406651',2,1.02547264,285.891348256557,49.1921200790384,5.0,161.973801,149.336548);
INSERT INTO "measurements" VALUES(94,56506.966412037,246.79082437276,78.1999969,19.8888855,-50.0419998,3.73270305966249,'2013-08-06 22:23:24.407869','2013-08-06 22:23:24.407869',2,1.02857614,285.891310533522,49.1923962382239,5.0,162.018188,149.333359);
INSERT INTO "measurements" VALUES(95,56506.9633449074,246.102150023889,78.1999969,19.8888855,-50.0419998,3.77216722221393,'2013-08-06 22:23:24.409085','2013-08-06 22:23:24.409085',2,1.02555609,285.891311830328,49.1920578473865,5.0,161.974976,149.336456);
INSERT INTO "measurements" VALUES(96,56506.9665046296,246.721636167923,78.1999969,19.8888855,-50.0419998,3.7399601292459,'2013-08-06 22:23:24.410306','2013-08-06 22:23:24.410306',2,1.0286653,285.891196899461,49.1923532145381,5.0,162.019592,149.333206);
INSERT INTO "measurements" VALUES(97,56506.9634375,246.134992887624,78.1999969,19.8888855,-50.0419998,3.66700052231508,'2013-08-06 22:23:24.411539','2013-08-06 22:23:24.411539',2,1.02563989,285.891333831063,49.1920742473584,5.0,161.976273,149.33638);
INSERT INTO "measurements" VALUES(98,56506.9665856482,246.599735640471,77.8000031,19.8888855,-50.0419998,3.76285912904049,'2013-08-06 22:23:24.412791','2013-08-06 22:23:24.412791',2,1.02875507,285.891075228951,49.1923661805233,5.0,162.020859,149.333038);
INSERT INTO "measurements" VALUES(99,56506.9635185185,246.188792797062,78.1999969,19.8888855,-50.0419998,3.69039139319986,'2013-08-06 22:23:24.414013','2013-08-06 22:23:24.414013',2,1.02572477,285.891223475426,49.1921543487282,5.0,161.977524,149.336212);
INSERT INTO "measurements" VALUES(100,56506.9666782408,246.596076555024,77.8000031,19.8888855,-50.0419998,3.74185621635766,'2013-08-06 22:23:24.415235','2013-08-06 22:23:24.415235',2,1.02884388,285.891155222525,49.1923388163104,5.0,162.022079,149.333008);
INSERT INTO "measurements" VALUES(101,56506.9636111111,246.197349426103,78.1999969,19.8888855,-50.0419998,3.50217198778251,'2013-08-06 22:23:24.416517','2013-08-06 22:23:24.416517',2,1.0258106,285.891198668306,49.1921472719368,5.0,161.978851,149.336105);
INSERT INTO "measurements" VALUES(102,56506.9667708333,246.48271975057,77.8000031,19.8888855,-50.0419998,3.64283388858076,'2013-08-06 22:23:24.417752','2013-08-06 22:23:24.417752',2,1.02893305,285.891176571924,49.1923516179472,5.0,162.023361,149.332932);
INSERT INTO "measurements" VALUES(103,56506.9668518519,246.37098001903,77.8000031,19.8888855,-50.0419998,3.7601261447431,'2013-08-06 22:23:24.418981','2013-08-06 22:23:24.418981',2,1.02902186,285.891342508027,49.1923793973841,5.0,162.024338,149.332962);
INSERT INTO "measurements" VALUES(104,56506.9669444445,246.35167088913,77.8000031,19.8888855,-50.0419998,3.79622513647605,'2013-08-06 22:23:24.420214','2013-08-06 22:23:24.420214',2,1.02911162,285.891377836565,49.1924156246295,5.0,162.025604,149.332886);
INSERT INTO "measurements" VALUES(105,56506.967025463,246.325831936797,77.8000031,19.8888855,-50.0419998,3.87135653579124,'2013-08-06 22:23:24.421485','2013-08-06 22:23:24.421485',2,1.02920377,285.891416285926,49.1923371078402,5.0,162.026703,149.33284);
INSERT INTO "measurements" VALUES(106,56506.9671180556,246.299371069182,77.8000031,19.8888855,-50.0419998,3.87541694069001,'2013-08-06 22:23:24.422720','2013-08-06 22:23:24.422720',2,1.02929449,285.891376209512,49.1923968663659,5.0,162.02803,149.332718);
INSERT INTO "measurements" VALUES(107,56506.9672106482,246.309502923977,77.8000031,19.8888855,-50.0419998,3.82581660993847,'2013-08-06 22:23:24.423965','2013-08-06 22:23:24.423965',2,1.02938414,285.891417313706,49.1923502159456,5.0,162.029297,149.332657);
INSERT INTO "measurements" VALUES(108,56506.9672916667,246.308202610466,77.8000031,19.8888855,-50.0419998,3.78482250441564,'2013-08-06 22:23:24.425201','2013-08-06 22:23:24.425201',2,1.02947462,285.891342667917,49.1923036835818,5.0,162.030502,149.332535);
INSERT INTO "measurements" VALUES(109,56506.9673842593,246.273268529769,77.8000031,19.8888855,-50.0419998,4.00482751746659,'2013-08-06 22:23:24.426442','2013-08-06 22:23:24.426442',2,1.02956533,285.891276754129,49.1923199593575,5.0,162.031876,149.332397);
INSERT INTO "measurements" VALUES(110,56506.9674652778,246.288540294576,77.8000031,19.8888855,-50.0419998,3.76667160931326,'2013-08-06 22:23:24.427688','2013-08-06 22:23:24.427688',2,1.02965581,285.891304551589,49.192407267633,5.0,162.03299,149.332321);
INSERT INTO "measurements" VALUES(111,56506.9675578704,246.25085155212,77.8000031,19.8888855,-50.0419998,3.8465276414724,'2013-08-06 22:23:24.428932','2013-08-06 22:23:24.428932',2,1.02974701,285.891179002412,49.19241602792,5.0,162.034409,149.332138);
INSERT INTO "measurements" VALUES(112,56506.9676388889,246.270809248555,77.8000031,19.8888855,-50.0419998,3.80488624646255,'2013-08-06 22:23:24.430169','2013-08-06 22:23:24.430169',2,1.02983689,285.891300002681,49.1924797712089,5.0,162.035431,149.332123);
INSERT INTO "measurements" VALUES(113,56506.9677314815,246.226440597581,77.8000031,19.8888855,-50.0419998,3.68370467564323,'2013-08-06 22:23:24.431440','2013-08-06 22:23:24.431440',2,1.02992821,285.891193823591,49.1925161286207,5.0,162.036835,149.331955);
INSERT INTO "measurements" VALUES(114,56506.9678240741,246.274666986679,77.8000031,19.8888855,-50.0419998,3.79683796726869,'2013-08-06 22:23:24.432682','2013-08-06 22:23:24.432682',2,1.03001881,285.891259107574,49.1924376273866,5.0,162.038071,149.331924);
INSERT INTO "measurements" VALUES(115,56506.9679050926,246.262226473753,77.8000031,19.8888855,-50.0419998,3.78204241338336,'2013-08-06 22:23:24.433916','2013-08-06 22:23:24.433916',2,1.03011,285.891249115795,49.1925132286173,5.0,162.039215,149.331818);
INSERT INTO "measurements" VALUES(116,56506.9679976852,246.299445950725,77.8000031,19.8888855,-50.0419998,3.69921667784098,'2013-08-06 22:23:24.435147','2013-08-06 22:23:24.435147',2,1.03020179,285.891282942076,49.1925652827284,5.0,162.040482,149.331741);
INSERT INTO "measurements" VALUES(117,56506.9680787037,246.37653986574,77.8000031,19.8888855,-50.0419998,3.63583707197327,'2013-08-06 22:23:24.436408','2013-08-06 22:23:24.436408',2,1.03029299,285.891395354149,49.1925219015391,5.0,162.041504,149.331757);
INSERT INTO "measurements" VALUES(118,56506.9681712963,246.384682080925,77.8000031,19.8888855,-50.0419998,3.80416205668955,'2013-08-06 22:23:24.437646','2013-08-06 22:23:24.437646',2,1.03038466,285.891392142277,49.1925422238323,5.0,162.042816,149.331665);
INSERT INTO "measurements" VALUES(119,56506.9682523148,246.457809187279,77.8000031,19.8888855,-50.0419998,3.51295135821555,'2013-08-06 22:23:24.438880','2013-08-06 22:23:24.438880',2,1.03047705,285.891440805386,49.1925624563482,5.0,162.0439,149.331604);
INSERT INTO "measurements" VALUES(120,56506.9683449074,246.522936878668,77.8000031,19.8888855,-50.0419998,3.80095108695652,'2013-08-06 22:23:24.440120','2013-08-06 22:23:24.440120',2,1.03056824,285.891551055535,49.1926261663756,5.0,162.04509,149.331589);
INSERT INTO "measurements" VALUES(121,56506.9684375,246.555372689326,77.8000031,19.8888855,-50.0419998,3.65723692792188,'2013-08-06 22:23:24.441388','2013-08-06 22:23:24.441388',2,1.03066099,285.89148913189,49.192701777945,5.0,162.046448,149.331436);
INSERT INTO "measurements" VALUES(122,56506.9685185185,246.598113207547,77.8000031,19.8888855,-50.0419998,3.6156068046138,'2013-08-06 22:23:24.442625','2013-08-06 22:23:24.442625',2,1.03075314,285.891435444266,49.1927221466858,5.0,162.047638,149.331314);
INSERT INTO "measurements" VALUES(123,56506.9686111111,246.704146599319,77.8000031,19.8888855,-50.0419998,3.64724974854634,'2013-08-06 22:23:24.443872','2013-08-06 22:23:24.443872',2,1.03084505,285.891429491078,49.1926595847148,5.0,162.04895,149.331223);
INSERT INTO "measurements" VALUES(124,56506.9686921296,246.72219897722,77.8000031,19.8888855,-50.0419998,3.4510545149785,'2013-08-06 22:23:24.445125','2013-08-06 22:23:24.445125',2,1.03093839,285.891363207936,49.1927192891804,5.0,162.05014,149.331085);
INSERT INTO "measurements" VALUES(125,56506.9687847222,246.744240282686,77.8000031,19.8888855,-50.0419998,3.53508056353062,'2013-08-06 22:23:24.446361','2013-08-06 22:23:24.446361',2,1.03103197,285.891301732079,49.192707836245,5.0,162.051498,149.330948);
INSERT INTO "measurements" VALUES(126,56506.9688657408,246.816851284469,77.8000031,19.8888855,-50.0419998,3.61427530454572,'2013-08-06 22:23:24.447597','2013-08-06 22:23:24.447597',2,1.03112364,285.891451195006,49.1927044950442,5.0,162.05249,149.330978);
INSERT INTO "measurements" VALUES(127,56506.9689583333,246.863901506096,77.8000031,19.8888855,-50.0419998,3.7850103376016,'2013-08-06 22:23:24.448853','2013-08-06 22:23:24.448853',2,1.0312165,285.891477472185,49.1926259688815,5.0,162.053757,149.330917);
INSERT INTO "measurements" VALUES(128,56506.9690393519,246.97485297577,77.8000031,19.8888855,-50.0419998,3.5588565558104,'2013-08-06 22:23:24.450100','2013-08-06 22:23:24.450100',2,1.03131056,285.891445649448,49.1926186159754,5.0,162.054932,149.330826);
INSERT INTO "measurements" VALUES(129,56506.9691319445,247.005823433496,77.8000031,19.8888855,-50.0419998,3.51982060185185,'2013-08-06 22:23:24.451388','2013-08-06 22:23:24.451388',2,1.03140306,285.891491615083,49.1925911689074,5.0,162.056183,149.330765);
INSERT INTO "measurements" VALUES(130,56506.9692245371,247.065169076353,77.8000031,19.8888855,-50.0419998,3.69544062350639,'2013-08-06 22:23:24.452663','2013-08-06 22:23:24.452663',2,1.03149724,285.891441615757,49.192643247878,5.0,162.057526,149.330627);
INSERT INTO "measurements" VALUES(131,56506.9693055556,247.087791527844,77.8000031,19.8888855,-50.0419998,3.64635492585376,'2013-08-06 22:23:24.453902','2013-08-06 22:23:24.453902',2,1.03159118,285.891407431553,49.1925965488169,5.0,162.058701,149.330536);
INSERT INTO "measurements" VALUES(132,56506.9693981482,247.12610944077,77.8000031,19.8888855,-50.0419998,3.76981030141311,'2013-08-06 22:23:24.455137','2013-08-06 22:23:24.455137',2,1.03168464,285.89139452511,49.1925574073768,5.0,162.060013,149.330444);
INSERT INTO "measurements" VALUES(133,56506.9694791667,247.184969725751,77.8000031,19.8888855,-50.0419998,3.55791248664371,'2013-08-06 22:23:24.456374','2013-08-06 22:23:24.456374',2,1.03178,285.89132135153,49.1925383324871,5.0,162.061218,149.330322);
INSERT INTO "measurements" VALUES(134,56506.9695717593,247.244336293953,77.8000031,19.8888855,-50.0419998,3.91482697294379,'2013-08-06 22:23:24.457613','2013-08-06 22:23:24.457613',2,1.03187335,285.891350600216,49.1924397311581,5.0,162.062485,149.330261);
INSERT INTO "measurements" VALUES(135,56506.9696527778,247.253268882175,77.8000031,19.8888855,-50.0419998,3.88363977530212,'2013-08-06 22:23:24.458848','2013-08-06 22:23:24.458848',2,1.03196788,285.891452972232,49.192372784988,5.0,162.063507,149.330276);
INSERT INTO "measurements" VALUES(136,56506.9697453704,247.29542437174,77.8000031,19.8888855,-50.0419998,3.64254177594535,'2013-08-06 22:23:24.460109','2013-08-06 22:23:24.460109',2,1.03206313,285.891351590821,49.1923579081563,5.0,162.064911,149.330109);
INSERT INTO "measurements" VALUES(137,56506.969837963,247.31669629103,77.8000031,19.8888855,-50.0419998,3.54464275795414,'2013-08-06 22:23:24.490626','2013-08-06 22:23:24.490626',2,1.03215718,285.891352069446,49.1923028389439,5.0,162.066208,149.330032);
INSERT INTO "measurements" VALUES(138,56506.9699189815,247.408811001582,77.8000031,19.8888855,-50.0419998,3.77911527739747,'2013-08-06 22:23:24.492177','2013-08-06 22:23:24.492177',2,1.03225267,285.891382537289,49.1923229873421,5.0,162.067307,149.329971);
INSERT INTO "measurements" VALUES(139,56506.9700115741,247.561669591376,77.8000031,19.8888855,-50.0419998,3.90528396449611,'2013-08-06 22:23:24.493412','2013-08-06 22:23:24.493412',2,1.03234613,285.891499601536,49.192358984369,5.0,162.068497,149.329956);
INSERT INTO "measurements" VALUES(140,56506.9700925926,247.615852442672,77.4000015,19.8888855,-50.0419998,3.89650774239781,'2013-08-06 22:23:24.494625','2013-08-06 22:23:24.494625',2,1.03244138,285.891475225336,49.1923315328524,5.0,162.069641,149.329865);
INSERT INTO "measurements" VALUES(141,56506.9701851852,247.551566384883,77.4000015,19.8888855,-50.0419998,3.85872573890477,'2013-08-06 22:23:24.495842','2013-08-06 22:23:24.495842',2,1.03253686,285.891448361968,49.1922965038646,5.0,162.070969,149.329758);
INSERT INTO "measurements" VALUES(142,56506.9702662037,247.475066312997,77.4000015,19.8888855,-50.0419998,3.73457610546781,'2013-08-06 22:23:24.497058','2013-08-06 22:23:24.497058',2,1.03263283,285.891345914823,49.1924155715058,5.0,162.072205,149.329575);
INSERT INTO "measurements" VALUES(143,56506.9703587963,247.459328091494,77.4000015,19.8888855,-50.0419998,3.59746545151299,'2013-08-06 22:23:24.498281','2013-08-06 22:23:24.498281',2,1.0327282,285.891352020272,49.1923846617018,5.0,162.073502,149.329498);
INSERT INTO "measurements" VALUES(144,56506.9704398148,247.432013560964,77.4000015,19.8888855,-50.0419998,3.75875512698269,'2013-08-06 22:23:24.499500','2013-08-06 22:23:24.499500',2,1.0328238,285.891326078906,49.1924325029832,5.0,162.074661,149.329391);
INSERT INTO "measurements" VALUES(145,56506.9705324074,247.387268654957,77.4000015,19.8888855,-50.0419998,3.60585762517682,'2013-08-06 22:23:24.500726','2013-08-06 22:23:24.500726',2,1.03291988,285.891366678693,49.192389045513,5.0,162.075912,149.32933);
INSERT INTO "measurements" VALUES(146,56506.970625,247.366191832859,77.4000015,19.8888855,-50.0419998,3.5674129533179,'2013-08-06 22:23:24.502022','2013-08-06 22:23:24.502022',2,1.03301644,285.891253539571,49.1922871011303,5.0,162.077316,149.329178);
INSERT INTO "measurements" VALUES(147,56506.9707060185,247.333800221157,77.4000015,19.8888855,-50.0419998,3.96363885497297,'2013-08-06 22:23:24.503246','2013-08-06 22:23:24.503246',2,1.03311193,285.891408921229,49.1923229860194,5.0,162.078293,149.329208);
INSERT INTO "measurements" VALUES(148,56506.9707986111,247.30382907214,77.4000015,19.8888855,-50.0419998,3.86696290586364,'2013-08-06 22:23:24.504474','2013-08-06 22:23:24.504474',2,1.03320777,285.891489517187,49.1922836428385,5.0,162.079514,149.329178);
INSERT INTO "measurements" VALUES(149,56506.9708796296,247.254210966432,77.4000015,19.8888855,-50.0419998,3.94532369937881,'2013-08-06 22:23:24.505702','2013-08-06 22:23:24.505702',2,1.03330433,285.891419507638,49.1923156178386,5.0,162.080719,149.329041);
INSERT INTO "measurements" VALUES(150,56506.9709722222,247.241625821877,77.4000015,19.8888855,-50.0419998,3.49135301479378,'2013-08-06 22:23:24.506923','2013-08-06 22:23:24.506923',2,1.03339994,285.891407611745,49.192339971926,5.0,162.082016,149.328934);
INSERT INTO "measurements" VALUES(151,56506.9710532408,247.201261304141,77.4000015,19.8888855,-50.0419998,3.71372635054736,'2013-08-06 22:23:24.508154','2013-08-06 22:23:24.508154',2,1.03349733,285.891404877231,49.1923442056151,5.0,162.08316,149.328857);
INSERT INTO "measurements" VALUES(152,56506.9711458333,247.175267538645,77.4000015,19.8888855,-50.0419998,3.75180263451249,'2013-08-06 22:23:24.509402','2013-08-06 22:23:24.509402',2,1.03359377,285.89130005448,49.1924749934611,5.0,162.084564,149.328674);
INSERT INTO "measurements" VALUES(153,56506.9712268519,247.139527597011,77.4000015,19.8888855,-50.0419998,3.84410188260725,'2013-08-06 22:23:24.510629','2013-08-06 22:23:24.510629',2,1.033692,285.891201731571,49.1924751590199,5.0,162.085785,149.328522);
INSERT INTO "measurements" VALUES(154,56506.9713194445,247.12410058958,77.4000015,19.8888855,-50.0419998,3.90312772605583,'2013-08-06 22:23:24.511904','2013-08-06 22:23:24.511904',2,1.03378963,285.891175204037,49.1924794150074,5.0,162.087112,149.3284);
INSERT INTO "measurements" VALUES(155,56506.971412037,247.093003533569,77.4000015,19.8888855,-50.0419998,3.45316157795936,'2013-08-06 22:23:24.513135','2013-08-06 22:23:24.513135',2,1.03388703,285.891219861772,49.1924601180096,5.0,162.088364,149.328354);
INSERT INTO "measurements" VALUES(156,56506.9714930556,247.067104491615,77.4000015,19.8888855,-50.0419998,3.46912564500997,'2013-08-06 22:23:24.514374','2013-08-06 22:23:24.514374',2,1.03398395,285.891361253598,49.1925035417726,5.0,162.089355,149.328369);
INSERT INTO "measurements" VALUES(157,56506.9715856482,247.034515641354,77.4000015,19.8888855,-50.0419998,3.57178500952146,'2013-08-06 22:23:24.515611','2013-08-06 22:23:24.515611',2,1.03408015,285.89155507142,49.1925752961303,5.0,162.090454,149.3284);
INSERT INTO "measurements" VALUES(158,56506.9716666667,247.051868495743,77.4000015,19.8888855,-50.0419998,3.5097871056794,'2013-08-06 22:23:24.516855','2013-08-06 22:23:24.516855',2,1.03417885,285.891442769748,49.1925243674075,5.0,162.091705,149.328247);
INSERT INTO "measurements" VALUES(159,56506.9717592593,247.088314447592,77.4000015,19.8888855,-50.0419998,3.55006611853754,'2013-08-06 22:23:24.518090','2013-08-06 22:23:24.518090',2,1.03427649,285.891396601564,49.1925286487311,5.0,162.093033,149.328125);
INSERT INTO "measurements" VALUES(160,56506.9718402778,247.126173850229,77.4000015,19.8888855,-50.0419998,3.68699772754635,'2013-08-06 22:23:24.519327','2013-08-06 22:23:24.519327',2,1.03437507,285.891310666295,49.1925957679644,5.0,162.094254,149.327972);
INSERT INTO "measurements" VALUES(161,56506.9719328704,247.132809199718,77.4000015,19.8888855,-50.0419998,3.55182748511206,'2013-08-06 22:23:24.520567','2013-08-06 22:23:24.520567',2,1.0344727,285.89135915103,49.1925688859833,5.0,162.095505,149.327911);
INSERT INTO "measurements" VALUES(162,56506.972025463,247.131600419629,77.4000015,19.8888855,-50.0419998,3.4122630478494,'2013-08-06 22:23:24.521837','2013-08-06 22:23:24.521837',2,1.03457201,285.891256146335,49.192569019789,5.0,162.096893,149.327744);
INSERT INTO "measurements" VALUES(163,56506.9721064815,247.131625591842,77.4000015,19.8888855,-50.0419998,3.82381802385577,'2013-08-06 22:23:24.523071','2013-08-06 22:23:24.523071',2,1.03467226,285.891149072626,49.1925221954101,5.0,162.098129,149.327606);
INSERT INTO "measurements" VALUES(164,56506.9721990741,247.146835745903,77.4000015,19.8888855,-50.0419998,3.69171794622563,'2013-08-06 22:23:24.524328','2013-08-06 22:23:24.524328',2,1.03477037,285.891180717238,49.1925263573021,5.0,162.099396,149.32753);
INSERT INTO "measurements" VALUES(165,56506.9722800926,247.182677537516,77.4000015,19.8888855,-50.0419998,3.681640625,'2013-08-06 22:23:24.525566','2013-08-06 22:23:24.525566',2,1.03486967,285.891144943351,49.1926528000495,5.0,162.100571,149.327408);
INSERT INTO "measurements" VALUES(166,56506.9723726852,247.205528299629,77.4000015,19.8888855,-50.0419998,3.64835359765765,'2013-08-06 22:23:24.526806','2013-08-06 22:23:24.526806',2,1.03496885,285.89105871376,49.1927206480744,5.0,162.101944,149.32724);
INSERT INTO "measurements" VALUES(167,56506.9724537037,247.206137268681,77.4000015,19.8888855,-50.0419998,3.48058655971832,'2013-08-06 22:23:24.528045','2013-08-06 22:23:24.528045',2,1.03506863,285.89096919381,49.1926696574218,5.0,162.103165,149.327103);
INSERT INTO "measurements" VALUES(168,56506.9725462963,247.25455850682,77.4000015,19.8888855,-50.0419998,3.75048839809165,'2013-08-06 22:23:24.529291','2013-08-06 22:23:24.529291',2,1.03516734,285.890964927322,49.1927608798745,5.0,162.104462,149.326996);
INSERT INTO "measurements" VALUES(169,56506.9726273148,247.278206341694,77.4000015,19.8888855,-50.0419998,3.57708535147007,'2013-08-06 22:23:24.530533','2013-08-06 22:23:24.530533',2,1.03526688,285.891034761195,49.192804306766,5.0,162.10553,149.32695);
INSERT INTO "measurements" VALUES(170,56506.9727199074,247.3351583343,77.4000015,19.8888855,-50.0419998,3.53483499594015,'2013-08-06 22:23:24.531817','2013-08-06 22:23:24.531817',2,1.03536582,285.891117403096,49.1928284272486,5.0,162.106735,149.32692);
INSERT INTO "measurements" VALUES(171,56506.9728125,247.379671979672,77.4000015,19.8888855,-50.0419998,3.5448271288115,'2013-08-06 22:23:24.533056','2013-08-06 22:23:24.533056',2,1.03546619,285.89115122459,49.192851817467,5.0,162.108002,149.326843);
INSERT INTO "measurements" VALUES(172,56506.9728935185,247.398807854137,77.4000015,19.8888855,-50.0419998,3.47592766589236,'2013-08-06 22:23:24.534290','2013-08-06 22:23:24.534290',2,1.03556585,285.891222446005,49.1927771616862,5.0,162.109055,149.326828);
INSERT INTO "measurements" VALUES(173,56506.9729861111,247.50486159572,77.4000015,19.8888855,-50.0419998,3.41344734967434,'2013-08-06 22:23:24.535529','2013-08-06 22:23:24.535529',2,1.03566706,285.891261307869,49.1927929426083,5.0,162.110306,149.326767);
INSERT INTO "measurements" VALUES(174,56506.9730671296,247.487711177968,77.4000015,19.8888855,-50.0419998,3.47300474788822,'2013-08-06 22:23:24.536783','2013-08-06 22:23:24.536783',2,1.03576589,285.891401660316,49.1927458488795,5.0,162.111298,149.326782);
INSERT INTO "measurements" VALUES(175,56506.9731597222,247.502176512796,77.4000015,19.8888855,-50.0419998,3.81683321872758,'2013-08-06 22:23:24.538070','2013-08-06 22:23:24.538070',2,1.03586686,285.891418398415,49.1927264676892,5.0,162.112564,149.326706);
INSERT INTO "measurements" VALUES(176,56506.9732407408,247.495870102365,77.4000015,19.8888855,-50.0419998,3.59135863410401,'2013-08-06 22:23:24.539304','2013-08-06 22:23:24.539304',2,1.03596771,285.891390755178,49.1927188755702,5.0,162.113724,149.326614);
INSERT INTO "measurements" VALUES(177,56506.9733333333,247.465296965403,77.4000015,19.8888855,-50.0419998,3.36219156814559,'2013-08-06 22:23:24.540545','2013-08-06 22:23:24.540545',2,1.0360682,285.891489255133,49.1927187126076,5.0,162.114929,149.326599);
INSERT INTO "measurements" VALUES(178,56506.9734259259,247.436196967916,77.4000015,19.8888855,-50.0419998,3.55209924785521,'2013-08-06 22:23:24.541814','2013-08-06 22:23:24.541814',2,1.03617001,285.891393283958,49.192754697686,5.0,162.116302,149.326431);
INSERT INTO "measurements" VALUES(179,56506.9735069445,247.470588235294,77.4000015,19.8888855,-50.0419998,3.7684882963175,'2013-08-06 22:23:24.543055','2013-08-06 22:23:24.543055',2,1.0362711,285.891367119083,49.1927153124699,5.0,162.117462,149.32634);
INSERT INTO "measurements" VALUES(180,56506.973599537,247.487932692308,77.0,19.8888855,-50.0419998,3.56099337064303,'2013-08-06 22:23:24.544300','2013-08-06 22:23:24.544300',2,1.03637218,285.891353193898,49.1926407137567,5.0,162.118774,149.326248);
INSERT INTO "measurements" VALUES(181,56506.9736805556,247.490164133739,77.0,19.8888855,-50.0419998,3.63401429521277,'2013-08-06 22:23:24.545553','2013-08-06 22:23:24.545553',2,1.03647435,285.891282624255,49.19268422579,5.0,162.119965,149.326111);
INSERT INTO "measurements" VALUES(182,56506.9737731482,247.502143969338,77.0,19.8888855,-50.0419998,3.64497642868906,'2013-08-06 22:23:24.546835','2013-08-06 22:23:24.546835',2,1.03657603,285.891316363933,49.1925777601366,5.0,162.121231,149.326065);
INSERT INTO "measurements" VALUES(183,56506.9738541667,247.449975562072,77.0,19.8888855,-50.0419998,3.77246809704912,'2013-08-06 22:23:24.548139','2013-08-06 22:23:24.548139',2,1.0366776,285.891331453101,49.1925977212847,5.0,162.122345,149.325989);
INSERT INTO "measurements" VALUES(184,56506.9739467593,247.421419106132,77.0,19.8888855,-50.0419998,3.77880277037405,'2013-08-06 22:23:24.578894','2013-08-06 22:23:24.578894',2,1.03677988,285.891307276979,49.1926177013653,5.0,162.123657,149.325882);
INSERT INTO "measurements" VALUES(185,56506.9740393519,247.499783913565,77.0,19.8888855,-50.0419998,3.59405574729892,'2013-08-06 22:23:24.580349','2013-08-06 22:23:24.580349',2,1.03688228,285.891336886367,49.1925229495996,5.0,162.124908,149.325821);
INSERT INTO "measurements" VALUES(186,56506.9741203704,247.463443963444,77.0,19.8888855,-50.0419998,3.63743837181337,'2013-08-06 22:23:24.581585','2013-08-06 22:23:24.581585',2,1.03698456,285.891344914737,49.1924516998686,5.0,162.126038,149.32576);
INSERT INTO "measurements" VALUES(187,56506.974212963,247.399321863619,77.0,19.8888855,-50.0419998,3.82997265674055,'2013-08-06 22:23:24.582820','2013-08-06 22:23:24.582820',2,1.03708696,285.891298776942,49.1925704733026,5.0,162.127365,149.325623);
INSERT INTO "measurements" VALUES(188,56506.9742939815,247.32632617814,77.0,19.8888855,-50.0419998,3.63476417931162,'2013-08-06 22:23:24.584038','2013-08-06 22:23:24.584038',2,1.03718972,285.891131575991,49.1904549969037,5.0,162.128632,149.325821);
INSERT INTO "measurements" VALUES(189,56506.9743865741,247.324640857073,77.0,19.8888855,-50.0419998,3.86143346154431,'2013-08-06 22:23:24.585254','2013-08-06 22:23:24.585254',2,1.03729212,285.891230225835,49.1920861811571,5.0,162.129852,149.325485);
INSERT INTO "measurements" VALUES(190,56506.9744675926,247.288160422671,77.0,19.8888855,-50.0419998,3.68598895480608,'2013-08-06 22:23:24.586482','2013-08-06 22:23:24.586482',2,1.0373956,285.890998033016,49.1887413766306,5.0,162.131149,149.325897);
INSERT INTO "measurements" VALUES(191,56506.9745601852,247.295555823196,77.0,19.8888855,-50.0419998,3.769744369505,'2013-08-06 22:23:24.587766','2013-08-06 22:23:24.587766',2,1.037498,285.890949765771,49.1866202291585,5.0,162.132446,149.326172);
INSERT INTO "measurements" VALUES(192,56506.9746527778,247.357160106255,77.0,19.8888855,-50.0419998,3.6712066643021,'2013-08-06 22:23:24.588996','2013-08-06 22:23:24.588996',2,1.03760147,285.890865223918,49.1857872592871,5.0,162.133804,149.326187);
INSERT INTO "measurements" VALUES(193,56506.9747337963,247.376979808971,77.0,19.8888855,-50.0419998,3.7376731860567,'2013-08-06 22:23:24.590221','2013-08-06 22:23:24.590221',2,1.03770614,285.890770581256,49.1857637337158,5.0,162.135025,149.32605);
INSERT INTO "measurements" VALUES(194,56506.9748263889,247.390120772947,77.0,19.8888855,-50.0419998,3.74977425837862,'2013-08-06 22:23:24.591439','2013-08-06 22:23:24.591439',2,1.03780937,285.890809685467,49.1861469007128,5.0,162.136292,149.325912);
INSERT INTO "measurements" VALUES(195,56506.9749074074,247.3784751223,77.0,19.8888855,-50.0419998,3.64230080502028,'2013-08-06 22:23:24.592690','2013-08-06 22:23:24.592690',2,1.03791189,285.890904956446,49.1866087399752,5.0,162.137329,149.325806);
INSERT INTO "measurements" VALUES(196,56506.975,247.389283549521,77.0,19.8888855,-50.0419998,3.80146670240332,'2013-08-06 22:23:24.593910','2013-08-06 22:23:24.593910',2,1.03801644,285.890952016465,49.1870554172974,5.0,162.13858,149.325653);
INSERT INTO "measurements" VALUES(197,56506.9750810185,247.426123936817,77.0,19.8888855,-50.0419998,3.79308289983293,'2013-08-06 22:23:24.595128','2013-08-06 22:23:24.595128',2,1.03812015,285.890938943656,49.1872293598815,5.0,162.139725,149.325531);
INSERT INTO "measurements" VALUES(198,56506.9751736111,247.449651290836,77.0,19.8888855,-50.0419998,3.81634722370916,'2013-08-06 22:23:24.596385','2013-08-06 22:23:24.596385',2,1.03822374,285.890992341436,49.1873203468847,5.0,162.140961,149.32547);
INSERT INTO "measurements" VALUES(199,56506.9752662037,247.509327496048,77.0,19.8888855,-50.0419998,3.74144881354129,'2013-08-06 22:23:24.597614','2013-08-06 22:23:24.597614',2,1.03832829,285.891027151263,49.1872690310172,5.0,162.142212,149.325409);
INSERT INTO "measurements" VALUES(200,56506.9753472222,247.508159300631,77.0,19.8888855,-50.0419998,3.80018601642181,'2013-08-06 22:23:24.598845','2013-08-06 22:23:24.598845',2,1.03843307,285.891001412711,49.1873123969268,5.0,162.143372,149.325302);
INSERT INTO "measurements" VALUES(201,56506.9754398148,247.520356833106,77.0,19.8888855,-50.0419998,3.88993991799343,'2013-08-06 22:23:24.600081','2013-08-06 22:23:24.600081',2,1.03853881,285.890931995861,49.187288801957,5.0,162.14473,149.325165);
INSERT INTO "measurements" VALUES(202,56506.9755208333,247.526722977109,77.0,19.8888855,-50.0419998,3.73014239235219,'2013-08-06 22:23:24.601332','2013-08-06 22:23:24.601332',2,1.03864253,285.891022047077,49.1871428381508,5.0,162.145752,149.32518);
INSERT INTO "measurements" VALUES(203,56506.9756134259,247.551997086318,77.0,19.8888855,-50.0419998,3.77920250280745,'2013-08-06 22:23:24.602626','2013-08-06 22:23:24.602626',2,1.03874826,285.890925723962,49.1871192739647,5.0,162.147141,149.325027);
INSERT INTO "measurements" VALUES(204,56506.9756944445,247.526876393361,77.0,19.8888855,-50.0419998,3.99884636448786,'2013-08-06 22:23:24.603873','2013-08-06 22:23:24.603873',2,1.03885388,285.890873903447,49.1870756101207,5.0,162.148315,149.324921);
INSERT INTO "measurements" VALUES(205,56506.9757870371,247.508419673693,77.0,19.8888855,-50.0419998,3.69322679416756,'2013-08-06 22:23:24.605134','2013-08-06 22:23:24.605134',2,1.03895962,285.890873550678,49.1871230706999,5.0,162.149612,149.324814);
INSERT INTO "measurements" VALUES(206,56506.9758796296,247.489040928528,77.0,19.8888855,-50.0419998,3.84788508895846,'2013-08-06 22:23:24.606368','2013-08-06 22:23:24.606368',2,1.03906488,285.890766707828,49.1870401270071,5.0,162.151001,149.324661);
INSERT INTO "measurements" VALUES(207,56506.9759606482,247.518736435978,77.0,19.8888855,-50.0419998,3.67883197755908,'2013-08-06 22:23:24.607598','2013-08-06 22:23:24.607598',2,1.03917122,285.89071171026,49.1870482757658,5.0,162.152176,149.324539);
INSERT INTO "measurements" VALUES(208,56506.9760532408,247.423612949814,77.0,19.8888855,-50.0419998,3.64683978780539,'2013-08-06 22:23:24.608854','2013-08-06 22:23:24.608854',2,1.0392766,285.890735692513,49.1870522026273,5.0,162.153442,149.324463);
INSERT INTO "measurements" VALUES(209,56506.9761342593,247.363357314149,77.0,19.8888855,-50.0419998,3.65525376573741,'2013-08-06 22:23:24.610089','2013-08-06 22:23:24.610089',2,1.03938222,285.890779761718,49.1871196605702,5.0,162.154526,149.324402);
INSERT INTO "measurements" VALUES(210,56506.9762268519,247.314149595045,77.0,19.8888855,-50.0419998,3.67258729975584,'2013-08-06 22:23:24.611330','2013-08-06 22:23:24.611330',2,1.03948891,285.890715288513,49.1870801354464,5.0,162.155884,149.32428);
INSERT INTO "measurements" VALUES(211,56506.9763078704,247.26092160383,77.0,19.8888855,-50.0419998,3.72556524910233,'2013-08-06 22:23:24.612632','2013-08-06 22:23:24.612632',2,1.03959382,285.890834199331,49.1870956855623,5.0,162.156891,149.32428);
INSERT INTO "measurements" VALUES(212,56506.976400463,247.224918429003,77.0,19.8888855,-50.0419998,3.75301217900302,'2013-08-06 22:23:24.613869','2013-08-06 22:23:24.613869',2,1.03970087,285.890942302702,49.1870366204298,5.0,162.158066,149.32428);
INSERT INTO "measurements" VALUES(213,56506.9764930556,247.249584960938,77.0,19.8888855,-50.0419998,3.8405168056488,'2013-08-06 22:23:24.615103','2013-08-06 22:23:24.615103',2,1.03980899,285.890844381398,49.1870916986541,5.0,162.159454,149.324097);
INSERT INTO "measurements" VALUES(214,56506.9765740741,247.219271140465,77.0,19.8888855,-50.0419998,3.60739377248201,'2013-08-06 22:23:24.616351','2013-08-06 22:23:24.616351',2,1.03991437,285.890926557605,49.1870126702488,5.0,162.160492,149.324097);
INSERT INTO "measurements" VALUES(215,56506.9766666667,247.16470725449,77.0,19.8888855,-50.0419998,3.51605553490203,'2013-08-06 22:23:24.617593','2013-08-06 22:23:24.617593',2,1.04002118,285.890918797747,49.187000691969,5.0,162.161789,149.324005);
INSERT INTO "measurements" VALUES(216,56506.9767476852,247.112068555106,77.0,19.8888855,-50.0419998,3.66177277359557,'2013-08-06 22:23:24.618836','2013-08-06 22:23:24.618836',2,1.04012871,285.890817529796,49.186992968184,5.0,162.16301,149.323853);
INSERT INTO "measurements" VALUES(217,56506.9768402778,247.111029948868,77.0,19.8888855,-50.0419998,3.87086239005052,'2013-08-06 22:23:24.620082','2013-08-06 22:23:24.620082',2,1.04023743,285.890673484359,49.1870287754354,5.0,162.164444,149.323654);
INSERT INTO "measurements" VALUES(218,56506.9769212963,247.097517519895,77.0,19.8888855,-50.0419998,3.62522294252583,'2013-08-06 22:23:24.621334','2013-08-06 22:23:24.621334',2,1.0403434,285.890804264846,49.1870836344063,5.0,162.165436,149.323654);
INSERT INTO "measurements" VALUES(219,56506.9770138889,247.129617304493,77.0,19.8888855,-50.0419998,3.65383563666211,'2013-08-06 22:23:24.622631','2013-08-06 22:23:24.622631',2,1.04045129,285.890736079616,49.1871076395548,5.0,162.166794,149.323502);
INSERT INTO "measurements" VALUES(220,56506.9771064815,247.096718562874,77.0,19.8444405,-50.0419998,3.65751684131737,'2013-08-06 22:23:24.623870','2013-08-06 22:23:24.623870',2,1.0405581,285.890829586638,49.1871432122412,5.0,162.167984,149.323471);
INSERT INTO "measurements" VALUES(221,56506.9771875,247.076008185867,77.0,19.8444405,-50.0419998,3.73102809565728,'2013-08-06 22:23:24.625115','2013-08-06 22:23:24.625115',2,1.04066622,285.890805026723,49.187147102204,5.0,162.169128,149.32338);
INSERT INTO "measurements" VALUES(222,56506.9772800926,247.089783653846,77.0,19.8444405,-50.0419998,3.8212167593149,'2013-08-06 22:23:24.626352','2013-08-06 22:23:24.626352',2,1.04077446,285.890879495132,49.1871784879237,5.0,162.170349,149.323334);
INSERT INTO "measurements" VALUES(223,56506.9773611111,247.093052732273,77.0,19.8444405,-50.0419998,3.71535380918929,'2013-08-06 22:23:24.627581','2013-08-06 22:23:24.627581',2,1.04088283,285.890871737315,49.1871388314193,5.0,162.171478,149.323257);
INSERT INTO "measurements" VALUES(224,56506.9774537037,247.14168698196,77.0,19.8444405,-50.0419998,3.78482033345015,'2013-08-06 22:23:24.628850','2013-08-06 22:23:24.628850',2,1.04099143,285.890822787533,49.1871703654898,5.0,162.172806,149.32312);
INSERT INTO "measurements" VALUES(225,56506.9775347222,247.256621880998,77.0,19.8444405,-50.0419998,3.76700127834093,'2013-08-06 22:23:24.630085','2013-08-06 22:23:24.630085',2,1.04109871,285.890917024926,49.1871465062898,5.0,162.173843,149.32312);
INSERT INTO "measurements" VALUES(226,56506.9776273148,247.174695631416,77.0,19.8444405,-50.0419998,3.64913641009191,'2013-08-06 22:23:24.631322','2013-08-06 22:23:24.631322',2,1.04120803,285.890867379421,49.1871503878233,5.0,162.175171,149.322983);
INSERT INTO "measurements" VALUES(227,56506.9777199074,247.156154027876,77.0,19.8444405,-50.0419998,3.55578656537916,'2013-08-06 22:23:24.632602','2013-08-06 22:23:24.632602',2,1.04131687,285.890892411589,49.1871148347432,5.0,162.176437,149.322922);
INSERT INTO "measurements" VALUES(228,56506.9778009259,247.130288800188,77.0,19.8444405,-50.0419998,3.59737880444353,'2013-08-06 22:23:24.633846','2013-08-06 22:23:24.633846',2,1.04142559,285.890923553015,49.1871186326283,5.0,162.177521,149.322861);
INSERT INTO "measurements" VALUES(229,56506.9778935185,247.164784211152,77.0,19.8444405,-50.0419998,3.65819685530852,'2013-08-06 22:23:24.635120','2013-08-06 22:23:24.635120',2,1.0415355,285.890801004164,49.1871819980762,5.0,162.17894,149.322678);
INSERT INTO "measurements" VALUES(230,56506.9779745371,247.223645907898,77.0,19.8444405,-50.0419998,3.6397924402738,'2013-08-06 22:23:24.636409','2013-08-06 22:23:24.636409',2,1.04164374,285.89089911429,49.1871304786755,5.0,162.179962,149.322678);
INSERT INTO "measurements" VALUES(231,56506.9780671296,247.287575938058,77.0,19.8444405,-50.0419998,3.67779090976772,'2013-08-06 22:23:24.667429','2013-08-06 22:23:24.667429',2,1.04175305,285.890952961833,49.1872012147409,5.0,162.181198,149.322601);
INSERT INTO "measurements" VALUES(232,56506.9781481482,247.325633329331,77.0,19.8444405,-50.0419998,3.68265224479229,'2013-08-06 22:23:24.668939','2013-08-06 22:23:24.668939',2,1.04186463,285.89086191995,49.1872803741993,5.0,162.182404,149.322449);
INSERT INTO "measurements" VALUES(233,56506.9782407408,247.296022660215,77.0,19.8444405,-50.0419998,3.6724127836215,'2013-08-06 22:23:24.670158','2013-08-06 22:23:24.670158',2,1.04197335,285.890886425695,49.1872365048699,5.0,162.18367,149.322372);
INSERT INTO "measurements" VALUES(234,56506.9783333333,247.291839656407,77.0,19.8444405,-50.0419998,3.70929754608089,'2013-08-06 22:23:24.671372','2013-08-06 22:23:24.671372',2,1.04208159,285.891017306456,49.1872443510561,5.0,162.184814,149.322372);
INSERT INTO "measurements" VALUES(235,56506.9784143519,247.30328358209,77.0,19.8444405,-50.0419998,3.64879197761194,'2013-08-06 22:23:24.672602','2013-08-06 22:23:24.672602',2,1.04219222,285.890928317094,49.1871453111801,5.0,162.186035,149.32225);
INSERT INTO "measurements" VALUES(236,56506.9785069445,247.302216896345,77.0,19.8444405,-50.0419998,3.60606791117436,'2013-08-06 22:23:24.673820','2013-08-06 22:23:24.673820',2,1.04230201,285.890978118543,49.1871691024682,5.0,162.187256,149.322189);
INSERT INTO "measurements" VALUES(237,56506.978587963,247.301003423445,77.0,19.8444405,-50.0419998,3.63046948781136,'2013-08-06 22:23:24.675035','2013-08-06 22:23:24.675035',2,1.04241228,285.890982802509,49.1871452552707,5.0,162.188385,149.322128);
INSERT INTO "measurements" VALUES(238,56506.9786805556,247.302343106087,77.0,19.8444405,-50.0419998,3.60562052940657,'2013-08-06 22:23:24.676263','2013-08-06 22:23:24.676263',2,1.04252243,285.891093559955,49.1870342450048,5.0,162.189545,149.322128);
INSERT INTO "measurements" VALUES(239,56506.9787615741,247.298940677966,77.0,19.8444405,-50.0419998,3.5249377464395,'2013-08-06 22:23:24.677490','2013-08-06 22:23:24.677490',2,1.04263353,285.891118073258,49.1870103458405,5.0,162.190643,149.322067);
INSERT INTO "measurements" VALUES(240,56506.9788541667,247.315392793857,77.0,19.8444405,-50.0419998,3.55518472201713,'2013-08-06 22:23:24.678712','2013-08-06 22:23:24.678712',2,1.04274476,285.89106457979,49.1870501110694,5.0,162.191986,149.32193);
INSERT INTO "measurements" VALUES(241,56506.9789467593,247.328465782369,77.0,19.8444405,-50.0419998,3.53478116929804,'2013-08-06 22:23:24.679945','2013-08-06 22:23:24.679945',2,1.04285574,285.891039505552,49.1869786012623,5.0,162.193298,149.321838);
INSERT INTO "measurements" VALUES(242,56506.9790277778,247.316620730977,77.0,19.8444405,-50.0419998,3.67503557519473,'2013-08-06 22:23:24.681171','2013-08-06 22:23:24.681171',2,1.04296887,285.890982636458,49.1870258794998,5.0,162.194473,149.321716);
INSERT INTO "measurements" VALUES(243,56506.9791203704,247.279544119375,77.0,19.8444405,-50.0419998,3.48694084310011,'2013-08-06 22:23:24.682409','2013-08-06 22:23:24.682409',2,1.04307866,285.891034196023,49.1870455057624,5.0,162.195709,149.321655);
INSERT INTO "measurements" VALUES(244,56506.9792013889,247.233368706521,77.0,19.8444405,-50.0419998,3.59298104770959,'2013-08-06 22:23:24.683622','2013-08-06 22:23:24.683622',2,1.04319108,285.890882235793,49.1870887704188,5.0,162.196976,149.321457);
INSERT INTO "measurements" VALUES(245,56506.9792939815,247.24861575179,77.0,19.8444405,-50.0419998,3.63120664901551,'2013-08-06 22:23:24.684854','2013-08-06 22:23:24.684854',2,1.04330277,285.890875247086,49.1871201441496,5.0,162.198273,149.32135);
INSERT INTO "measurements" VALUES(246,56506.979375,247.227989456027,77.0,19.8444405,-50.0419998,3.64697300727894,'2013-08-06 22:23:24.686090','2013-08-06 22:23:24.686090',2,1.04341412,285.890907651267,49.1872067284198,5.0,162.199356,149.321274);
INSERT INTO "measurements" VALUES(247,56506.9794675926,247.246494028615,77.0,19.8444405,-50.0419998,3.64699222907059,'2013-08-06 22:23:24.687316','2013-08-06 22:23:24.687316',2,1.04352617,285.890856133639,49.1870212960668,5.0,162.200684,149.321182);
INSERT INTO "measurements" VALUES(248,56506.9795486111,247.190957636169,77.0,19.8444405,-50.0419998,3.65074175640797,'2013-08-06 22:23:24.688554','2013-08-06 22:23:24.688554',2,1.0436368,285.890904299585,49.1870409022633,5.0,162.201767,149.321136);
INSERT INTO "measurements" VALUES(249,56506.9796412037,247.100935476133,77.0,19.8444405,-50.0419998,3.54512918078376,'2013-08-06 22:23:24.689788','2013-08-06 22:23:24.689788',2,1.04374826,285.890994283812,49.1870286410972,5.0,162.202957,149.321106);
INSERT INTO "measurements" VALUES(250,56506.9797337963,247.089562612343,77.0,19.8444405,-50.0419998,3.66277992061114,'2013-08-06 22:23:24.691026','2013-08-06 22:23:24.691026',2,1.0438621,285.891001973058,49.1870917039157,5.0,162.204224,149.321014);
INSERT INTO "measurements" VALUES(251,56506.9798148148,247.003735184964,77.0,19.8444405,-50.0419998,3.75494068373638,'2013-08-06 22:23:24.692287','2013-08-06 22:23:24.692287',2,1.04397428,285.891175296082,49.1870475291086,5.0,162.20517,149.32106);
INSERT INTO "measurements" VALUES(252,56506.9799074074,247.031115320862,77.0,19.8444405,-50.0419998,3.65453899220045,'2013-08-06 22:23:24.693538','2013-08-06 22:23:24.693538',2,1.04408896,285.891222230665,49.1870711571191,5.0,162.206406,149.320999);
INSERT INTO "measurements" VALUES(253,56506.9799884259,247.019238140872,77.0,19.8444405,-50.0419998,3.66507111546179,'2013-08-06 22:23:24.694771','2013-08-06 22:23:24.694771',2,1.04420054,285.891213042316,49.1870154980625,5.0,162.207535,149.320923);
INSERT INTO "measurements" VALUES(254,56506.9800810185,247.003367566277,77.0,19.8444405,-50.0419998,3.62608338495641,'2013-08-06 22:23:24.696008','2013-08-06 22:23:24.696008',2,1.0443145,285.891151008786,49.1871221626624,5.0,162.208878,149.32077);
INSERT INTO "measurements" VALUES(255,56506.9801736111,246.993877307921,77.0,19.8444405,-50.0419998,3.60588589748362,'2013-08-06 22:23:24.697239','2013-08-06 22:23:24.697239',2,1.04442739,285.89119408528,49.1871810584049,5.0,162.210129,149.320694);
INSERT INTO "measurements" VALUES(256,56506.9802546296,246.931927638673,77.0,19.8444405,-50.0419998,3.5923385647538,'2013-08-06 22:23:24.698476','2013-08-06 22:23:24.698476',2,1.04454064,285.891216847089,49.1871805518322,5.0,162.211212,149.320633);
INSERT INTO "measurements" VALUES(257,56506.9803472222,246.788047238459,77.0,19.8444405,-50.0419998,3.67957356964989,'2013-08-06 22:23:24.699724','2013-08-06 22:23:24.699724',2,1.04465342,285.891275498707,49.1871054611287,5.0,162.212433,149.320602);
INSERT INTO "measurements" VALUES(258,56506.9804282408,246.705382027871,77.0,19.8444405,-50.0419998,3.68743453605538,'2013-08-06 22:23:24.700969','2013-08-06 22:23:24.700969',2,1.0447681,285.891110256991,49.1871804470746,5.0,162.21373,149.320389);
INSERT INTO "measurements" VALUES(259,56506.9805208333,246.733901669975,77.0,19.8444405,-50.0419998,3.47166588812332,'2013-08-06 22:23:24.702254','2013-08-06 22:23:24.702254',2,1.0448823,285.891057010384,49.187203474807,5.0,162.215057,149.320251);
INSERT INTO "measurements" VALUES(260,56506.9806018519,246.652968471148,77.4000015,19.7777729,-50.0419998,3.61991118567817,'2013-08-06 22:23:24.703540','2013-08-06 22:23:24.703540',2,1.04499519,285.891139734543,49.1871400812783,5.0,162.216095,149.320236);
INSERT INTO "measurements" VALUES(261,56506.9806944445,246.610104907754,77.4000015,19.7777729,-50.0419998,3.72019653246714,'2013-08-06 22:23:24.704800','2013-08-06 22:23:24.704800',2,1.04510999,285.891116187393,49.1871637933543,5.0,162.217407,149.320129);
INSERT INTO "measurements" VALUES(262,56506.980787037,246.575603117654,77.4000015,19.7777729,-50.0419998,4.06898883072498,'2013-08-06 22:23:24.706048','2013-08-06 22:23:24.706048',2,1.04522455,285.891196378898,49.1871079198715,5.0,162.218597,149.320114);
INSERT INTO "measurements" VALUES(263,56506.9808680556,246.50168169632,77.4000015,19.7777729,-50.0419998,3.86607669883317,'2013-08-06 22:23:24.707291','2013-08-06 22:23:24.707291',2,1.04533744,285.89124644011,49.1871826948598,5.0,162.219666,149.320053);
INSERT INTO "measurements" VALUES(264,56506.9809606482,246.438433408045,77.4000015,19.7777729,-50.0419998,3.70904059329657,'2013-08-06 22:23:24.708548','2013-08-06 22:23:24.708548',2,1.04545498,285.891138359653,49.1872098373782,5.0,162.221054,149.31987);
INSERT INTO "measurements" VALUES(265,56506.9810416667,246.403070697453,77.4000015,19.7777729,-50.0419998,3.64974903668769,'2013-08-06 22:23:24.709815','2013-08-06 22:23:24.709815',2,1.04556906,285.891094505072,49.1871348274229,5.0,162.222214,149.319778);
INSERT INTO "measurements" VALUES(266,56506.9811342593,246.413541416567,77.4000015,19.7777729,-50.0419998,3.68775205394658,'2013-08-06 22:23:24.711058','2013-08-06 22:23:24.711058',2,1.04568529,285.891063288027,49.1871978583718,5.0,162.223526,149.319656);
INSERT INTO "measurements" VALUES(267,56506.9812152778,246.393116499113,77.4000015,19.7777729,-50.0419998,3.66257114872856,'2013-08-06 22:23:24.712325','2013-08-06 22:23:24.712325',2,1.04579949,285.89107153013,49.1870667882825,5.0,162.22464,149.319611);
INSERT INTO "measurements" VALUES(268,56506.9813078704,246.414749331162,77.4000015,19.7777729,-50.0419998,3.55611764096487,'2013-08-06 22:23:24.713586','2013-08-06 22:23:24.713586',2,1.04591489,285.891142746459,49.1871138241723,5.0,162.225845,149.31955);
INSERT INTO "measurements" VALUES(269,56506.9813888889,246.413392007612,77.4000015,19.7777729,-50.0419998,3.7339722028128,'2013-08-06 22:23:24.714871','2013-08-06 22:23:24.714871',2,1.04602933,285.891230335153,49.187188500798,5.0,162.226883,149.319519);
INSERT INTO "measurements" VALUES(270,56506.9814814815,246.422550875532,77.4000015,19.7777729,-50.0419998,3.6803689677739,'2013-08-06 22:23:24.716126','2013-08-06 22:23:24.716126',2,1.04614389,285.891219431665,49.1870464493527,5.0,162.228165,149.319443);
INSERT INTO "measurements" VALUES(271,56506.9815740741,246.399192015209,77.4000015,19.7777729,-50.0419998,3.72822135664211,'2013-08-06 22:23:24.717362','2013-08-06 22:23:24.717362',2,1.04626071,285.891222259889,49.18712456725,5.0,162.229446,149.319351);
INSERT INTO "measurements" VALUES(272,56506.9816550926,246.370513435701,77.4000015,19.7777729,-50.0419998,3.85100158574256,'2013-08-06 22:23:24.718610','2013-08-06 22:23:24.718610',2,1.04637587,285.891330812644,49.1870811142446,5.0,162.230453,149.319351);
INSERT INTO "measurements" VALUES(273,56506.9817476852,246.380762891453,77.4000015,19.7777729,-50.0419998,3.53125804796032,'2013-08-06 22:23:24.719859','2013-08-06 22:23:24.719859',2,1.04649222,285.891267813657,49.1871199691554,5.0,162.231796,149.319214);
INSERT INTO "measurements" VALUES(274,56506.9818287037,246.398107180883,77.4000015,19.7777729,-50.0419998,3.6545096785165,'2013-08-06 22:23:24.721102','2013-08-06 22:23:24.721102',2,1.04660809,285.891250181648,49.1871512103143,5.0,162.232925,149.319107);
INSERT INTO "measurements" VALUES(275,56506.9819212963,246.382559376108,77.4000015,19.7777729,-50.0419998,3.58892869143625,'2013-08-06 22:23:24.722402','2013-08-06 22:23:24.722402',2,1.04672527,285.891181404754,49.1871355401677,5.0,162.234283,149.31897);
INSERT INTO "measurements" VALUES(276,56506.9820023148,246.379494448382,77.4000015,19.7777729,-50.0419998,3.60064315165072,'2013-08-06 22:23:24.723720','2013-08-06 22:23:24.723720',2,1.04684258,285.891148436558,49.1872220048409,5.0,162.235428,149.318848);
INSERT INTO "measurements" VALUES(277,56506.9821064815,246.420159586951,77.4000015,19.7777729,-50.0419998,3.64014279218493,'2013-08-06 22:23:24.725006','2013-08-06 22:23:24.725006',2,1.04697931,285.891051099745,49.187193218157,5.0,162.236969,149.31868);
INSERT INTO "measurements" VALUES(278,56506.9821990741,246.395590994372,77.4000015,19.7777729,-50.0419998,3.58780496965877,'2013-08-06 22:23:24.756215','2013-08-06 22:23:24.756215',2,1.04709518,285.891077211406,49.1872285662891,5.0,162.23822,149.318604);
INSERT INTO "measurements" VALUES(279,56506.9822800926,246.400116781502,77.4000015,19.7777729,-50.0419998,3.49452974461345,'2013-08-06 22:23:24.757744','2013-08-06 22:23:24.757744',2,1.04721248,285.891043619869,49.1871727391794,5.0,162.239365,149.318512);
INSERT INTO "measurements" VALUES(280,56506.9823726852,246.400972139893,77.4000015,19.7777729,-50.0419998,3.55679854216064,'2013-08-06 22:23:24.758969','2013-08-06 22:23:24.758969',2,1.04733002,285.891069732684,49.1871921363063,5.0,162.240616,149.318436);
INSERT INTO "measurements" VALUES(281,56506.9824537037,246.382491662697,77.4000015,19.7777729,-50.0419998,3.66532216792222,'2013-08-06 22:23:24.760192','2013-08-06 22:23:24.760192',2,1.04744637,285.891090877475,49.1871287034437,5.0,162.241714,149.318375);
INSERT INTO "measurements" VALUES(282,56506.9825462963,246.391309639727,77.4000015,19.7777729,-50.0419998,3.84556762338729,'2013-08-06 22:23:24.761419','2013-08-06 22:23:24.761419',2,1.04756403,285.891195147112,49.1870450673438,5.0,162.242889,149.318375);
INSERT INTO "measurements" VALUES(283,56506.9826388889,246.30061661226,77.4000015,19.7777729,-50.0419998,3.80455526085117,'2013-08-06 22:23:24.762650','2013-08-06 22:23:24.762650',2,1.04768157,285.891105903864,49.1870010373768,5.0,162.244247,149.318237);
INSERT INTO "measurements" VALUES(284,56506.9827199074,246.285785893305,77.4000015,19.7777729,-50.0419998,3.72693219283327,'2013-08-06 22:23:24.763886','2013-08-06 22:23:24.763886',2,1.04780078,285.891113710112,49.1869375232303,5.0,162.245361,149.318176);
INSERT INTO "measurements" VALUES(285,56506.9828125,246.347476190476,77.4000015,19.7777729,-50.0419998,3.64725748697917,'2013-08-06 22:23:24.765106','2013-08-06 22:23:24.765106',2,1.04791808,285.891142982315,49.186941029926,5.0,162.246613,149.3181);
INSERT INTO "measurements" VALUES(286,56506.9828935185,246.384423235537,77.4000015,19.7777729,-50.0419998,3.65702163050842,'2013-08-06 22:23:24.766328','2013-08-06 22:23:24.766328',2,1.04803646,285.891130891332,49.1869051949975,5.0,162.247742,149.318024);
INSERT INTO "measurements" VALUES(287,56506.9829861111,246.345642610867,77.4000015,19.7777729,-50.0419998,3.63774767603436,'2013-08-06 22:23:24.767549','2013-08-06 22:23:24.767549',2,1.04815423,285.891184659121,49.1868416678274,5.0,162.248962,149.317978);
INSERT INTO "measurements" VALUES(288,56506.9830671296,246.347526057266,77.4000015,19.7777729,-50.0419998,3.71132475552594,'2013-08-06 22:23:24.768780','2013-08-06 22:23:24.768780',2,1.04827321,285.891172408261,49.1868569042959,5.0,162.250092,149.317886);
INSERT INTO "measurements" VALUES(289,56506.9831597222,246.341743882157,77.4000015,19.7777729,-50.0419998,3.59135812952899,'2013-08-06 22:23:24.769999','2013-08-06 22:23:24.769999',2,1.04839098,285.891314714922,49.1868560919244,5.0,162.251221,149.317902);
INSERT INTO "measurements" VALUES(290,56506.9832523148,246.321699115044,77.4000015,19.7777729,-50.0419998,3.68736149520649,'2013-08-06 22:23:24.771219','2013-08-06 22:23:24.771219',2,1.04850996,285.891339849452,49.1868637069202,5.0,162.252472,149.317825);
INSERT INTO "measurements" VALUES(291,56506.9833333333,246.301619193949,77.4000015,19.7777729,-50.0419998,3.6545923483483,'2013-08-06 22:23:24.772455','2013-08-06 22:23:24.772455',2,1.04862833,285.891421807636,49.1868277531486,5.0,162.25351,149.31781);
INSERT INTO "measurements" VALUES(292,56506.9834259259,246.309747378456,77.4000015,19.7777729,-50.0419998,3.6933386614484,'2013-08-06 22:23:24.773706','2013-08-06 22:23:24.773706',2,1.04874909,285.891393411313,49.1868111631011,5.0,162.254807,149.317703);
INSERT INTO "measurements" VALUES(293,56506.9835069445,246.254629192253,77.4000015,19.7777729,-50.0419998,3.66998253535368,'2013-08-06 22:23:24.774932','2013-08-06 22:23:24.774932',2,1.04886889,285.891415503568,49.1867082481796,5.0,162.255905,149.317657);
INSERT INTO "measurements" VALUES(294,56506.9835995371,246.259435751541,77.4000015,19.7777729,-50.0419998,3.64460302201873,'2013-08-06 22:23:24.776166','2013-08-06 22:23:24.776166',2,1.04898822,285.891356348292,49.1866206034597,5.0,162.257233,149.317535);
INSERT INTO "measurements" VALUES(295,56506.9836805556,246.259783121169,77.4000015,19.7777729,-50.0419998,3.58992754744224,'2013-08-06 22:23:24.777419','2013-08-06 22:23:24.777419',2,1.04910731,285.891437911428,49.1866557673551,5.0,162.25827,149.317505);
INSERT INTO "measurements" VALUES(296,56506.9837731482,246.20129387804,77.4000015,19.7777729,-50.0419998,3.65583326157602,'2013-08-06 22:23:24.778656','2013-08-06 22:23:24.778656',2,1.04922605,285.89137143811,49.1865923657503,5.0,162.259613,149.317383);
INSERT INTO "measurements" VALUES(297,56506.9838657408,246.187842465753,77.4000015,19.7777729,-50.0419998,3.85242057546477,'2013-08-06 22:23:24.779892','2013-08-06 22:23:24.779892',2,1.04934716,285.891343117571,49.1865757630507,5.0,162.26091,149.317276);
INSERT INTO "measurements" VALUES(298,56506.9839467593,246.124742634008,77.4000015,19.7777729,-50.0419998,3.69257937300319,'2013-08-06 22:23:24.781149','2013-08-06 22:23:24.781149',2,1.04946697,285.89140735155,49.186528048064,5.0,162.261963,149.317245);
INSERT INTO "measurements" VALUES(299,56506.9840393519,246.075495283019,77.4000015,19.7777729,-50.0419998,3.64958956736439,'2013-08-06 22:23:24.782377','2013-08-06 22:23:24.782377',2,1.04958701,285.891536890284,49.1864284025912,5.0,162.263107,149.317261);
INSERT INTO "measurements" VALUES(300,56506.9841203704,246.042297460701,78.0,19.6444454,-50.0419998,3.93687816467654,'2013-08-06 22:23:24.783646','2013-08-06 22:23:24.783646',2,1.04970753,285.891433268093,49.1865701001378,5.0,162.264328,149.317093);
INSERT INTO "measurements" VALUES(301,56506.984212963,246.075294683666,78.0,19.6444454,-50.0419998,3.82664899754931,'2013-08-06 22:23:24.784889','2013-08-06 22:23:24.784889',2,1.04982889,285.8913548592,49.1866447451459,5.0,162.265686,149.316925);
INSERT INTO "measurements" VALUES(302,56506.9842939815,246.046473932503,78.0,19.6444454,-50.0419998,3.79288535177513,'2013-08-06 22:23:24.786124','2013-08-06 22:23:24.786124',2,1.04995,285.891313201457,49.1867193580269,5.0,162.26683,149.316803);
INSERT INTO "measurements" VALUES(303,56506.9843865741,246.051705091258,78.0,19.6444454,-50.0419998,3.77653510746878,'2013-08-06 22:23:24.787360','2013-08-06 22:23:24.787360',2,1.05007052,285.891351530534,49.1867427917091,5.0,162.268066,149.316727);
INSERT INTO "measurements" VALUES(304,56506.9844791667,246.01609922179,78.0,19.6444454,-50.0419998,3.86767079394151,'2013-08-06 22:23:24.788666','2013-08-06 22:23:24.788666',2,1.05019188,285.891349605135,49.1866391144692,5.0,162.269348,149.316666);
INSERT INTO "measurements" VALUES(305,56506.9845601852,245.996853062213,78.0,19.6444454,-50.0419998,3.87641744583636,'2013-08-06 22:23:24.789905','2013-08-06 22:23:24.789905',2,1.05031347,285.891390277996,49.1866901350184,5.0,162.270416,149.316605);
INSERT INTO "measurements" VALUES(306,56506.9846527778,245.953995680346,78.0,19.6444454,-50.0419998,3.82524077761279,'2013-08-06 22:23:24.791146','2013-08-06 22:23:24.791146',2,1.0504353,285.891297246511,49.186709533462,5.0,162.27179,149.316437);
INSERT INTO "measurements" VALUES(307,56506.9847337963,245.964352812004,78.0,19.6444454,-50.0419998,3.84977402174576,'2013-08-06 22:23:24.792404','2013-08-06 22:23:24.792404',2,1.0505563,285.891351476898,49.1867363498168,5.0,162.272842,149.316391);
INSERT INTO "measurements" VALUES(308,56506.9848263889,245.944400882137,78.0,19.6444454,-50.0419998,3.93056619088459,'2013-08-06 22:23:24.793699','2013-08-06 22:23:24.793699',2,1.05067813,285.891423098162,49.1867237577267,5.0,162.274048,149.316345);
INSERT INTO "measurements" VALUES(309,56506.9849074074,245.939220155969,78.0,19.6444454,-50.0419998,3.70911372413017,'2013-08-06 22:23:24.794935','2013-08-06 22:23:24.794935',2,1.05080009,285.891406565715,49.1866919615439,5.0,162.275177,149.316269);
INSERT INTO "measurements" VALUES(310,56506.985,245.967333575846,78.0,19.6444454,-50.0419998,3.76255262330241,'2013-08-06 22:23:24.796195','2013-08-06 22:23:24.796195',2,1.05092144,285.891342535926,49.1867465413604,5.0,162.27652,149.316116);
INSERT INTO "measurements" VALUES(311,56506.9850810185,245.986063715547,78.0,19.6444454,-50.0419998,3.73186373941057,'2013-08-06 22:23:24.797477','2013-08-06 22:23:24.797477',2,1.05104411,285.891235374067,49.1867617704924,5.0,162.27774,149.315964);
INSERT INTO "measurements" VALUES(312,56506.9851736111,245.975453145362,78.0,19.6444454,-50.0419998,3.69922360909549,'2013-08-06 22:23:24.798725','2013-08-06 22:23:24.798725',2,1.0511651,285.891373583048,49.1866469366277,5.0,162.27887,149.315994);
INSERT INTO "measurements" VALUES(313,56506.9852546296,245.961713940857,78.0,19.6444454,-50.0419998,3.82997204096258,'2013-08-06 22:23:24.800017','2013-08-06 22:23:24.800017',2,1.05128801,285.891298313486,49.1867173682983,5.0,162.28006,149.315842);
INSERT INTO "measurements" VALUES(314,56506.9853472222,245.93016138673,78.0,19.6444454,-50.0419998,3.73762374850568,'2013-08-06 22:23:24.801290','2013-08-06 22:23:24.801290',2,1.05141056,285.891254247733,49.1866454862956,5.0,162.281372,149.315735);
INSERT INTO "measurements" VALUES(315,56506.9854398148,245.924796987172,78.0,19.6444454,-50.0419998,3.6729714347711,'2013-08-06 22:23:24.802550','2013-08-06 22:23:24.802550',2,1.0515337,285.89123396739,49.1865701386806,5.0,162.282669,149.315643);
INSERT INTO "measurements" VALUES(316,56506.9855208333,245.939172868123,78.0,19.6444454,-50.0419998,3.96118458925522,'2013-08-06 22:23:24.803855','2013-08-06 22:23:24.803855',2,1.05165482,285.89124878455,49.1865617975922,5.0,162.283768,149.315567);
INSERT INTO "measurements" VALUES(317,56506.9856134259,245.914961561206,78.0,19.6444454,-50.0419998,3.68724497338853,'2013-08-06 22:23:24.805111','2013-08-06 22:23:24.805111',2,1.05177975,285.891222244158,49.1865567948754,5.0,162.285065,149.31546);
INSERT INTO "measurements" VALUES(318,56506.9856944445,245.959646820189,78.0,19.6444454,-50.0419998,3.73947256070278,'2013-08-06 22:23:24.806358','2013-08-06 22:23:24.806358',2,1.05190194,285.891310007222,49.1867065077901,5.0,162.286087,149.315414);
INSERT INTO "measurements" VALUES(319,56506.9857870371,245.929304850702,78.0,19.6444454,-50.0419998,3.66207410672135,'2013-08-06 22:23:24.807596','2013-08-06 22:23:24.807596',2,1.0520252,285.891302795694,49.1867056976021,5.0,162.287369,149.315323);
INSERT INTO "measurements" VALUES(320,56506.9858680556,245.941600766834,78.0,19.6444454,-50.0419998,3.70049743140427,'2013-08-06 22:23:24.808864','2013-08-06 22:23:24.808864',2,1.05214977,285.891209011117,49.1866932199632,5.0,162.288574,149.31517);
INSERT INTO "measurements" VALUES(321,56506.9859606482,246.000023883449,78.0,19.6444454,-50.0419998,3.64005660190769,'2013-08-06 22:23:24.810099','2013-08-06 22:23:24.810099',2,1.05227244,285.891375602923,49.1866452757532,5.0,162.289673,149.315216);
INSERT INTO "measurements" VALUES(322,56506.9860416667,246.030738984619,78.0,19.6444454,-50.0419998,3.48273403167283,'2013-08-06 22:23:24.811355','2013-08-06 22:23:24.811355',2,1.05239677,285.891377315107,49.1866050561471,5.0,162.290787,149.31514);
INSERT INTO "measurements" VALUES(323,56506.9861342593,246.097015281757,78.0,19.6444454,-50.0419998,3.72490528183202,'2013-08-06 22:23:24.812641','2013-08-06 22:23:24.812641',2,1.05252123,285.89139180133,49.1866870550842,5.0,162.292053,149.315048);
INSERT INTO "measurements" VALUES(324,56506.9862268519,246.11261997867,78.0,19.6444454,-50.0419998,3.72247156061145,'2013-08-06 22:23:24.813959','2013-08-06 22:23:24.813959',2,1.0526458,285.891394462742,49.1866627227285,5.0,162.29332,149.314957);
INSERT INTO "measurements" VALUES(325,56506.9863078704,246.212944372269,78.0,19.6444454,-50.0419998,3.64390173799752,'2013-08-06 22:23:24.845365','2013-08-06 22:23:24.845365',2,1.05276978,285.891369952574,49.1866584915318,5.0,162.294449,149.314865);
INSERT INTO "measurements" VALUES(326,56506.986400463,246.243659335517,78.0,19.6444454,-50.0419998,3.6168909211219,'2013-08-06 22:23:24.846877','2013-08-06 22:23:24.846877',2,1.05289602,285.89126814949,49.1866342342743,5.0,162.295822,149.314697);
INSERT INTO "measurements" VALUES(327,56506.9864814815,246.32004822182,78.0,19.6444454,-50.0419998,3.81723529799578,'2013-08-06 22:23:24.848103','2013-08-06 22:23:24.848103',2,1.05302095,285.891236488718,49.1866568631027,5.0,162.296967,149.31459);
INSERT INTO "measurements" VALUES(328,56506.9865740741,246.389694196966,78.0,19.6444454,-50.0419998,3.82820095224837,'2013-08-06 22:23:24.849313','2013-08-06 22:23:24.849313',2,1.05314612,285.891158491856,49.1866049847603,5.0,162.298309,149.314468);
INSERT INTO "measurements" VALUES(329,56506.9866550926,246.510887573965,78.0,19.6444454,-50.0419998,3.72189788276627,'2013-08-06 22:23:24.850525','2013-08-06 22:23:24.850525',2,1.05327034,285.89118905246,49.1865847880948,5.0,162.299393,149.314407);
INSERT INTO "measurements" VALUES(330,56506.9867476852,246.541536614646,78.0,19.6444454,-50.0419998,3.74679293592437,'2013-08-06 22:23:24.851771','2013-08-06 22:23:24.851771',2,1.0533973,285.891086625584,49.1865052528198,5.0,162.300766,149.314255);
INSERT INTO "measurements" VALUES(331,56506.9868402778,246.611886180814,78.0,19.6444454,-50.0419998,3.79820881858566,'2013-08-06 22:23:24.852983','2013-08-06 22:23:24.852983',2,1.05352283,285.891033801744,49.1865714098585,5.0,162.302094,149.314117);
INSERT INTO "measurements" VALUES(332,56506.9869212963,246.695752064138,78.0,19.6444454,-50.0419998,3.74639500381417,'2013-08-06 22:23:24.854221','2013-08-06 22:23:24.854221',2,1.05364835,285.891043036879,49.1866658551091,5.0,162.303192,149.314026);
INSERT INTO "measurements" VALUES(333,56506.9870138889,246.771924849344,78.0,19.6444454,-50.0419998,3.54256003153433,'2013-08-06 22:23:24.855442','2013-08-06 22:23:24.855442',2,1.05377483,285.891058457319,49.1866807963254,5.0,162.304443,149.313934);
INSERT INTO "measurements" VALUES(334,56506.9870949074,246.806903118305,78.0,19.6444454,-50.0419998,3.65010516469293,'2013-08-06 22:23:24.856678','2013-08-06 22:23:24.856678',2,1.05389929,285.891101607703,49.1866999310387,5.0,162.305511,149.313889);
INSERT INTO "measurements" VALUES(335,56506.9871875,246.863944754059,78.0,19.6444454,-50.0419998,3.88827055442816,'2013-08-06 22:23:24.857917','2013-08-06 22:23:24.857917',2,1.05402553,285.891122299121,49.1867148768165,5.0,162.306763,149.313812);
INSERT INTO "measurements" VALUES(336,56506.9872685185,246.943934662503,78.0,19.6444454,-50.0419998,3.76232068595364,'2013-08-06 22:23:24.859141','2013-08-06 22:23:24.859141',2,1.05415177,285.891163281562,49.1866469186538,5.0,162.307831,149.313766);
INSERT INTO "measurements" VALUES(337,56506.9873611111,246.985648707417,78.0,19.6444454,-50.0419998,3.86548046214363,'2013-08-06 22:23:24.860362','2013-08-06 22:23:24.860362',2,1.05427885,285.891082869773,49.1866661208653,5.0,162.309189,149.313614);
INSERT INTO "measurements" VALUES(338,56506.9874421296,247.067504789272,78.0,19.6444454,-50.0419998,3.75297903009758,'2013-08-06 22:23:24.861587','2013-08-06 22:23:24.861587',2,1.05440581,285.891095928338,49.1866416927156,5.0,162.310287,149.313553);
INSERT INTO "measurements" VALUES(339,56506.9875347222,247.158863905325,78.0,19.6444454,-50.0419998,3.5683099112426,'2013-08-06 22:23:24.862818','2013-08-06 22:23:24.862818',2,1.05453265,285.891057995852,49.186636637152,5.0,162.311584,149.313431);
INSERT INTO "measurements" VALUES(340,56506.9876273148,247.2255687974,78.5999985,19.5555592,-50.0419998,3.99514622456964,'2013-08-06 22:23:24.864088','2013-08-06 22:23:24.864088',2,1.05466044,285.891030811525,49.1866046577793,5.0,162.312881,149.313324);
INSERT INTO "measurements" VALUES(341,56506.9877083333,247.331485100147,78.5999985,19.5555592,-50.0419998,3.92577814904433,'2013-08-06 22:23:24.865310','2013-08-06 22:23:24.865310',2,1.05478644,285.891073243037,49.1866472084886,5.0,162.31395,149.313278);
INSERT INTO "measurements" VALUES(342,56506.9878009259,247.445416214914,78.5999985,19.5555592,-50.0419998,3.73750291757017,'2013-08-06 22:23:24.866556','2013-08-06 22:23:24.866556',2,1.05491459,285.89105269351,49.1866780332794,5.0,162.315247,149.313156);
INSERT INTO "measurements" VALUES(343,56506.9878819445,247.439235265465,78.5999985,19.5555592,-50.0419998,3.99202529453848,'2013-08-06 22:23:24.867801','2013-08-06 22:23:24.867801',2,1.05504167,285.891092169693,49.1866418310908,5.0,162.316315,149.31311);
INSERT INTO "measurements" VALUES(344,56506.987974537,247.54701986755,78.5999985,19.5555592,-50.0419998,3.82007779575557,'2013-08-06 22:23:24.869035','2013-08-06 22:23:24.869035',2,1.05516803,285.891177565958,49.1865620774046,5.0,162.31749,149.313095);
INSERT INTO "measurements" VALUES(345,56506.9880555556,247.636429172174,78.5999985,19.5555592,-50.0419998,3.71387598747447,'2013-08-06 22:23:24.870264','2013-08-06 22:23:24.870264',2,1.05529678,285.891109319736,49.1865335320839,5.0,162.318665,149.312973);
INSERT INTO "measurements" VALUES(346,56506.9881481482,247.738040275049,78.5999985,19.5555592,-50.0419998,3.85878887064096,'2013-08-06 22:23:24.871488','2013-08-06 22:23:24.871488',2,1.05542576,285.891057346136,49.1865166890157,5.0,162.319992,149.312851);
INSERT INTO "measurements" VALUES(347,56506.9882407408,247.815553656452,78.5999985,19.5555592,-50.0419998,3.68994671171102,'2013-08-06 22:23:24.872721','2013-08-06 22:23:24.872721',2,1.05555463,285.891057998193,49.1865992989978,5.0,162.321259,149.312744);
INSERT INTO "measurements" VALUES(348,56506.9883217593,247.86375748686,78.5999985,19.5555592,-50.0419998,3.74638501176507,'2013-08-06 22:23:24.873972','2013-08-06 22:23:24.873972',2,1.05568147,285.891098217011,49.186578254141,5.0,162.322327,149.312698);
INSERT INTO "measurements" VALUES(349,56506.9884143519,247.960867992767,78.5999985,19.5555592,-50.0419998,3.69475564157625,'2013-08-06 22:23:24.875207','2013-08-06 22:23:24.875207',2,1.05581045,285.891066759662,49.1865420787041,5.0,162.323624,149.312592);
INSERT INTO "measurements" VALUES(350,56506.9884953704,247.976428920371,78.5999985,19.5555592,-50.0419998,3.72829044791158,'2013-08-06 22:23:24.876443','2013-08-06 22:23:24.876443',2,1.05593789,285.891158251179,49.1865175316232,5.0,162.324646,149.312576);
INSERT INTO "measurements" VALUES(351,56506.988587963,248.037244401168,78.5999985,19.5555592,-50.0419998,3.71864159870983,'2013-08-06 22:23:24.877680','2013-08-06 22:23:24.877680',2,1.05606699,285.891120346759,49.1864696258001,5.0,162.325943,149.312469);
INSERT INTO "measurements" VALUES(352,56506.9886689815,248.064315903876,78.5999985,19.5555592,-50.0419998,3.68838233795737,'2013-08-06 22:23:24.878918','2013-08-06 22:23:24.878918',2,1.0561974,285.89107609032,49.1864092079861,5.0,162.327087,149.312378);
INSERT INTO "measurements" VALUES(353,56506.9887615741,248.116792590787,78.5999985,19.5555592,-50.0419998,3.67074920408847,'2013-08-06 22:23:24.880160','2013-08-06 22:23:24.880160',2,1.05632484,285.891141296414,49.186439945598,5.0,162.328293,149.312317);
INSERT INTO "measurements" VALUES(354,56506.9888425926,248.235837864558,78.5999985,19.5555592,-50.0419998,3.72319232150581,'2013-08-06 22:23:24.881426','2013-08-06 22:23:24.881426',2,1.05645525,285.891131002946,49.1863560204437,5.0,162.329407,149.312256);
INSERT INTO "measurements" VALUES(355,56506.9889351852,248.614938986811,78.5999985,19.5555592,-50.0419998,3.75577415297979,'2013-08-06 22:23:24.882665','2013-08-06 22:23:24.882665',2,1.05658436,285.891281775051,49.1863513918073,5.0,162.330536,149.312271);
INSERT INTO "measurements" VALUES(356,56506.9890277778,249.275465057818,78.5999985,19.5555592,-50.0419998,3.67184725953683,'2013-08-06 22:23:24.883928','2013-08-06 22:23:24.883928',2,1.05671322,285.891355196827,49.1863385529994,5.0,162.331726,149.312225);
INSERT INTO "measurements" VALUES(357,56506.9891087963,249.845467295678,78.5999985,19.5555592,-50.0419998,3.75968967152238,'2013-08-06 22:23:24.885173','2013-08-06 22:23:24.885173',2,1.05684364,285.891269217609,49.1863300234357,5.0,162.332916,149.312088);
INSERT INTO "measurements" VALUES(358,56506.9892013889,250.075313379381,78.5999985,19.5555592,-50.0419998,3.79901349449987,'2013-08-06 22:23:24.886417','2013-08-06 22:23:24.886417',2,1.05697298,285.891281085932,49.1863289784656,5.0,162.334167,149.312012);
INSERT INTO "measurements" VALUES(359,56506.9892824074,250.006333333333,78.5999985,19.5555592,-50.0419998,3.7666937099359,'2013-08-06 22:23:24.887663','2013-08-06 22:23:24.887663',2,1.05710292,285.891338909872,49.1862332498029,5.0,162.33522,149.311981);
INSERT INTO "measurements" VALUES(360,56506.989375,249.980329531052,78.5999985,19.5555592,-50.0419998,3.78602191262674,'2013-08-06 22:23:24.888907','2013-08-06 22:23:24.888907',2,1.05723321,285.891379352551,49.1862086703254,5.0,162.336441,149.31192);
INSERT INTO "measurements" VALUES(361,56506.9894560185,249.830860534125,78.5999985,19.5555592,-50.0419998,3.89967977922204,'2013-08-06 22:23:24.890143','2013-08-06 22:23:24.890143',2,1.0573647,285.891389019861,49.1861564641721,5.0,162.33754,149.311859);
INSERT INTO "measurements" VALUES(362,56506.9895486111,249.81006097561,78.5999985,19.5555592,-50.0419998,3.7189457590987,'2013-08-06 22:23:24.891382','2013-08-06 22:23:24.891382',2,1.05749619,285.891391852996,49.1861712501953,5.0,162.338806,149.311768);
INSERT INTO "measurements" VALUES(363,56506.9896412037,249.882682834407,78.5999985,19.5555592,-50.0419998,3.755058586349,'2013-08-06 22:23:24.892628','2013-08-06 22:23:24.892628',2,1.05762684,285.891356205092,49.186213739354,5.0,162.340103,149.311646);
INSERT INTO "measurements" VALUES(364,56506.9897222222,250.007903650734,78.5999985,19.5555592,-50.0419998,3.74458363716911,'2013-08-06 22:23:24.893886','2013-08-06 22:23:24.893886',2,1.05775833,285.891282680568,49.1861733719076,5.0,162.341278,149.311523);
INSERT INTO "measurements" VALUES(365,56506.9898148148,250.04862745098,78.5999985,19.5555592,-50.0419998,3.72076192876344,'2013-08-06 22:23:24.895120','2013-08-06 22:23:24.895120',2,1.0578903,285.891249685,49.1861605619011,5.0,162.342575,149.311417);
INSERT INTO "measurements" VALUES(366,56506.9898958333,250.093472782258,78.5999985,19.5555592,-50.0419998,3.65763018208165,'2013-08-06 22:23:24.896362','2013-08-06 22:23:24.896362',2,1.05802166,285.89131323009,49.186073092924,5.0,162.343628,149.311386);
INSERT INTO "measurements" VALUES(367,56506.9899884259,249.98380054577,78.5999985,19.5555592,-50.0419998,3.67466320585773,'2013-08-06 22:23:24.897594','2013-08-06 22:23:24.897594',2,1.05815423,285.891195904702,49.1860997294769,5.0,162.345001,149.311218);
INSERT INTO "measurements" VALUES(368,56506.9900694445,249.898278013476,78.5999985,19.5555592,-50.0419998,3.76253957917395,'2013-08-06 22:23:24.898826','2013-08-06 22:23:24.898826',2,1.05828488,285.891244728166,49.186070967153,5.0,162.346069,149.311172);
INSERT INTO "measurements" VALUES(369,56506.990162037,249.770867108819,78.5999985,19.5555592,-50.0419998,3.66315694278126,'2013-08-06 22:23:24.900103','2013-08-06 22:23:24.900103',2,1.05841744,285.891311775,49.1860897932557,5.0,162.34726,149.311127);
INSERT INTO "measurements" VALUES(370,56506.9902546296,249.942452248922,78.5999985,19.5555592,-50.0419998,3.67709368260937,'2013-08-06 22:23:24.901406','2013-08-06 22:23:24.901406',2,1.05854964,285.891364326235,49.1860057271034,5.0,162.348465,149.311081);
INSERT INTO "measurements" VALUES(371,56506.9903356482,250.078979313762,78.5999985,19.5555592,-50.0419998,3.62746457133346,'2013-08-06 22:23:24.902780','2013-08-06 22:23:24.902780',2,1.05868268,285.891300616261,49.1859853454638,5.0,162.34964,149.310959);
INSERT INTO "measurements" VALUES(372,56506.9904282408,250.110958733325,78.5999985,19.5555592,-50.0419998,3.71064213276088,'2013-08-06 22:23:24.934566','2013-08-06 22:23:24.934566',2,1.0588156,285.891436404426,49.1859957517838,5.0,162.350769,149.310974);
INSERT INTO "measurements" VALUES(373,56506.9905092593,250.209748232668,78.5999985,19.5555592,-50.0419998,3.63464547741225,'2013-08-06 22:23:24.935998','2013-08-06 22:23:24.935998',2,1.05894756,285.891463251741,49.1859317761285,5.0,162.351852,149.310913);
INSERT INTO "measurements" VALUES(374,56506.9906018519,250.467063049672,78.5999985,19.5555592,-50.0419998,3.62186358076304,'2013-08-06 22:23:24.937220','2013-08-06 22:23:24.937220',2,1.05908,285.891517346892,49.1859899818707,5.0,162.353058,149.310852);
INSERT INTO "measurements" VALUES(375,56506.9906944445,250.731203195207,78.5999985,19.5555592,-50.0419998,3.71353565355092,'2013-08-06 22:23:24.938436','2013-08-06 22:23:24.938436',2,1.05921364,285.891525321061,49.1859535983173,5.0,162.354309,149.310776);
INSERT INTO "measurements" VALUES(376,56506.990775463,250.96293212213,78.5999985,19.5555592,-50.0419998,3.70759431972306,'2013-08-06 22:23:24.939646','2013-08-06 22:23:24.939646',2,1.05934799,285.891462567768,49.1859206931438,5.0,162.355484,149.310654);
INSERT INTO "measurements" VALUES(377,56506.9908680556,251.113133402275,78.5999985,19.5555592,-50.0419998,3.86961502027857,'2013-08-06 22:23:24.940874','2013-08-06 22:23:24.940874',2,1.05948055,285.891546049631,49.1859712827256,5.0,162.356659,149.310623);
INSERT INTO "measurements" VALUES(378,56506.9909490741,251.391875716287,78.5999985,19.5555592,-50.0419998,3.68910866070292,'2013-08-06 22:23:24.942094','2013-08-06 22:23:24.942094',2,1.05961335,285.89158617232,49.1858554251663,5.0,162.357727,149.310593);
INSERT INTO "measurements" VALUES(379,56506.9910416667,251.666828955798,78.5999985,19.5555592,-50.0419998,3.70664412836323,'2013-08-06 22:23:24.943316','2013-08-06 22:23:24.943316',2,1.05974829,285.891521863768,49.1858031937518,5.0,162.359055,149.310455);
INSERT INTO "measurements" VALUES(380,56506.9911226852,252.035893477422,78.0,19.4999943,-50.0419998,3.71332657918436,'2013-08-06 22:23:24.944583','2013-08-06 22:23:24.944583',2,1.05988121,285.891501028988,49.1857668671577,5.0,162.360184,149.310379);
INSERT INTO "measurements" VALUES(381,56506.9912152778,252.585856992639,78.0,19.4999943,-50.0419998,3.75328858192035,'2013-08-06 22:23:24.945803','2013-08-06 22:23:24.945803',2,1.06001508,285.891433753427,49.1858921631497,5.0,162.361511,149.310211);
INSERT INTO "measurements" VALUES(382,56506.9912962963,253.2225250501,78.0,19.4999943,-50.0419998,3.75210968812625,'2013-08-06 22:23:24.947028','2013-08-06 22:23:24.947028',2,1.06014919,285.891411789194,49.1858633750422,5.0,162.36264,149.31012);
INSERT INTO "measurements" VALUES(383,56506.9913888889,253.951103931072,78.0,19.4999943,-50.0419998,3.66241412350229,'2013-08-06 22:23:24.948256','2013-08-06 22:23:24.948256',2,1.0602833,285.89139930025,49.1858981434615,5.0,162.363907,149.310013);
INSERT INTO "measurements" VALUES(384,56506.9914814815,254.871567267684,78.0,19.4999943,-50.0419998,3.7375428007975,'2013-08-06 22:23:24.949474','2013-08-06 22:23:24.949474',2,1.06041873,285.89133584727,49.1858617852788,5.0,162.365234,149.309875);
INSERT INTO "measurements" VALUES(385,56506.9915625,255.52808546528,78.0,19.4999943,-50.0419998,3.78308918813256,'2013-08-06 22:23:24.950703','2013-08-06 22:23:24.950703',2,1.06055331,285.891291940882,49.1858765240347,5.0,162.366379,149.309769);
INSERT INTO "measurements" VALUES(386,56506.9916550926,256.044952593419,78.0,19.4999943,-50.0419998,3.69155385091327,'2013-08-06 22:23:24.951962','2013-08-06 22:23:24.951962',2,1.0606873,285.891342006238,49.1857765064671,5.0,162.367599,149.309738);
INSERT INTO "measurements" VALUES(387,56506.9917361111,257.165748259861,78.0,19.4999943,-50.0419998,3.67171101227161,'2013-08-06 22:23:24.953185','2013-08-06 22:23:24.953185',2,1.06082177,285.891406638058,49.1857400180801,5.0,162.368637,149.309708);
INSERT INTO "measurements" VALUES(388,56506.9918287037,258.886563614744,78.0,19.4999943,-50.0419998,3.63613612189729,'2013-08-06 22:23:24.954438','2013-08-06 22:23:24.954438',2,1.06095648,285.891327755207,49.1856995470379,5.0,162.36998,149.30957);
INSERT INTO "measurements" VALUES(389,56506.9919097222,263.154851776837,78.0,19.4999943,-50.0419998,3.52591352018505,'2013-08-06 22:23:24.955676','2013-08-06 22:23:24.955676',2,1.06109226,285.89129567833,49.1857577494758,5.0,162.371109,149.309448);
INSERT INTO "measurements" VALUES(390,56506.9920023148,269.767604899661,78.0,19.4999943,-50.0419998,3.48035956435692,'2013-08-06 22:23:24.956915','2013-08-06 22:23:24.956915',2,1.0612278,285.891224530409,49.1857959555118,5.0,162.372437,149.309296);
INSERT INTO "measurements" VALUES(391,56506.9920949074,276.589912156418,78.0,19.4999943,-50.0419998,3.53897311782729,'2013-08-06 22:23:24.958142','2013-08-06 22:23:24.958142',2,1.06136382,285.891213579123,49.1857318882744,5.0,162.373718,149.309219);
INSERT INTO "measurements" VALUES(392,56506.9921759259,275.126953125,78.0,19.4999943,-50.0419998,3.65751600265503,'2013-08-06 22:23:24.959365','2013-08-06 22:23:24.959365',2,1.06150091,285.891132001173,49.18574659033,5.0,162.374893,149.309082);
INSERT INTO "measurements" VALUES(393,56506.9922685185,275.311913784936,78.0,19.4999943,-50.0419998,3.60319596385007,'2013-08-06 22:23:24.960615','2013-08-06 22:23:24.960615',2,1.06163609,285.891170930402,49.1857612016936,5.0,162.376114,149.309006);
INSERT INTO "measurements" VALUES(394,56506.9923495371,277.301946945729,78.0,19.4999943,-50.0419998,3.43783082866878,'2013-08-06 22:23:24.961901','2013-08-06 22:23:24.961901',2,1.06177223,285.891178624477,49.1857958740174,5.0,162.377213,149.308929);
INSERT INTO "measurements" VALUES(395,56506.9924421296,279.149553792762,78.0,19.4999943,-50.0419998,3.60657046936973,'2013-08-06 22:23:24.963142','2013-08-06 22:23:24.963142',2,1.0619067,285.891324166297,49.185810377537,5.0,162.378326,149.308929);
INSERT INTO "measurements" VALUES(396,56506.9925231482,281.29323461833,78.0,19.4999943,-50.0419998,3.55106546783253,'2013-08-06 22:23:24.964400','2013-08-06 22:23:24.964400',2,1.06204438,285.891266321752,49.1858450790687,5.0,162.379486,149.308807);
INSERT INTO "measurements" VALUES(397,56506.9926157408,282.168917819365,78.0,19.4999943,-50.0419998,3.70144018468606,'2013-08-06 22:23:24.965632','2013-08-06 22:23:24.965632',2,1.06218147,285.891360124106,49.1857131134457,5.0,162.380661,149.308807);
INSERT INTO "measurements" VALUES(398,56506.9927083333,280.955425752856,78.0,19.4999943,-50.0419998,3.61883259710865,'2013-08-06 22:23:24.966868','2013-08-06 22:23:24.966868',2,1.06231761,285.891303802178,49.1856808819498,5.0,162.381973,149.308685);
INSERT INTO "measurements" VALUES(399,56506.9927893519,278.827118244041,78.0,19.4999943,-50.0419998,3.55620938864468,'2013-08-06 22:23:24.968112','2013-08-06 22:23:24.968112',2,1.0624541,285.89121611603,49.1857391291676,5.0,162.383163,149.308533);
INSERT INTO "measurements" VALUES(400,56506.9928819445,278.678070784178,78.0,19.4999943,-50.0419998,3.40989217376532,'2013-08-06 22:23:24.969355','2013-08-06 22:23:24.969355',2,1.06259227,285.891148288836,49.1857772414211,5.0,162.384491,149.30838);
INSERT INTO "measurements" VALUES(401,56506.992962963,278.911163559122,78.0,19.4999943,-50.0419998,3.73249632146861,'2013-08-06 22:23:24.970598','2013-08-06 22:23:24.970598',2,1.06272757,285.891205575216,49.185729003432,5.0,162.385544,149.30835);
INSERT INTO "measurements" VALUES(402,56506.9930555556,280.205794831637,78.0,19.4999943,-50.0419998,3.8708666246574,'2013-08-06 22:23:24.971844','2013-08-06 22:23:24.971844',2,1.06286526,285.891204210939,49.1856959070273,5.0,162.386795,149.308273);
INSERT INTO "measurements" VALUES(403,56506.9931365741,283.413097454997,78.0,19.4999943,-50.0419998,3.96860512201272,'2013-08-06 22:23:24.973083','2013-08-06 22:23:24.973083',2,1.06300414,285.891180570503,49.1856275969632,5.0,162.387924,149.308182);
INSERT INTO "measurements" VALUES(404,56506.9932291667,288.285776805252,78.0,19.4999943,-50.0419998,3.73932234682713,'2013-08-06 22:23:24.974347','2013-08-06 22:23:24.974347',2,1.06314254,285.891081224487,49.1855241986045,5.0,162.389282,149.308044);
INSERT INTO "measurements" VALUES(405,56506.9933101852,295.003317102861,78.0,19.4999943,-50.0419998,3.69841574577754,'2013-08-06 22:23:24.975584','2013-08-06 22:23:24.975584',2,1.06328022,285.891066609868,49.1855546873866,5.0,162.390396,149.307938);
INSERT INTO "measurements" VALUES(406,56506.9934027778,300.774356995885,78.0,19.4999943,-50.0419998,3.5412554956758,'2013-08-06 22:23:24.976843','2013-08-06 22:23:24.976843',2,1.06341779,285.891049492894,49.1854546325281,5.0,162.391663,149.307861);
INSERT INTO "measurements" VALUES(407,56506.9934953704,309.421484375,78.0,19.4999943,-50.0419998,3.70380425453186,'2013-08-06 22:23:24.978091','2013-08-06 22:23:24.978091',2,1.06355679,285.890860608586,49.185430046494,5.0,162.393112,149.307648);
INSERT INTO "measurements" VALUES(408,56506.9935763889,308.139157458564,78.0,19.4999943,-50.0419998,3.73037545500978,'2013-08-06 22:23:24.979339','2013-08-06 22:23:24.979339',2,1.06369722,285.890674142438,49.1853853552808,5.0,162.394409,149.307434);
INSERT INTO "measurements" VALUES(409,56506.9936689815,307.18352004717,78.0,19.4999943,-50.0419998,3.76324405310289,'2013-08-06 22:23:24.980603','2013-08-06 22:23:24.980603',2,1.06383717,285.890586268013,49.1853011987434,5.0,162.395752,149.307297);
INSERT INTO "measurements" VALUES(410,56506.99375,307.068264942016,78.0,19.4999943,-50.0419998,3.63386376386876,'2013-08-06 22:23:24.981845','2013-08-06 22:23:24.981845',2,1.06397557,285.890565859052,49.1853952350369,5.0,162.396866,149.30719);
INSERT INTO "measurements" VALUES(411,56506.9938425926,300.687216734457,78.0,19.4999943,-50.0419998,3.70717793297865,'2013-08-06 22:23:24.983085','2013-08-06 22:23:24.983085',2,1.06411541,285.890628260431,49.1855399581071,5.0,162.398071,149.307114);
INSERT INTO "measurements" VALUES(412,56506.9939236111,299.149298813377,78.0,19.4999943,-50.0419998,3.5982156401699,'2013-08-06 22:23:24.984349','2013-08-06 22:23:24.984349',2,1.06425238,285.890921250166,49.1855541222714,5.0,162.39888,149.307236);
INSERT INTO "measurements" VALUES(413,56506.9940162037,302.293474148802,78.0,19.4999943,-50.0419998,3.65170892280107,'2013-08-06 22:23:24.985587','2013-08-06 22:23:24.985587',2,1.06439292,285.891063675728,49.1855262791035,5.0,162.399994,149.307251);
INSERT INTO "measurements" VALUES(414,56506.9941087963,303.279685610641,78.0,19.4999943,-50.0419998,3.52486987038996,'2013-08-06 22:23:24.986828','2013-08-06 22:23:24.986828',2,1.06453025,285.891335106396,49.1855277565926,5.0,162.400986,149.307358);
INSERT INTO "measurements" VALUES(415,56506.9941898148,303.794248761695,78.0,19.4999943,-50.0419998,3.61260351455008,'2013-08-06 22:23:24.988070','2013-08-06 22:23:24.988070',2,1.06466937,285.891563951064,49.1855551734157,5.0,162.401855,149.307434);
INSERT INTO "measurements" VALUES(416,56506.9942824074,306.573617256637,78.0,19.4999943,-50.0419998,3.74666332143598,'2013-08-06 22:23:24.989371','2013-08-06 22:23:24.989371',2,1.06480861,285.891736601225,49.1855380307871,5.0,162.402939,149.307465);
INSERT INTO "measurements" VALUES(417,56506.9943634259,309.787877697842,78.0,19.4999943,-50.0419998,3.62158132868705,'2013-08-06 22:23:24.990645','2013-08-06 22:23:24.990645',2,1.06494868,285.891750092982,49.1855264225346,5.0,162.404022,149.307388);
INSERT INTO "measurements" VALUES(418,56506.9944560185,318.500187734668,78.0,19.4999943,-50.0419998,3.46422896785044,'2013-08-06 22:23:24.991927','2013-08-06 22:23:24.991927',2,1.06508827,285.891925468608,49.1855440982098,5.0,162.405106,149.307419);
INSERT INTO "measurements" VALUES(419,56506.9945370371,328.816118421053,78.0,19.4999943,-50.0419998,3.40767950760691,'2013-08-06 22:23:25.023894','2013-08-06 22:23:25.023894',2,1.06522727,285.892046686364,49.1855455653198,5.0,162.406082,149.307434);
INSERT INTO "measurements" VALUES(420,56506.9946296296,336.782585139319,78.0,19.4999943,-50.0419998,3.34293821352554,'2013-08-06 22:23:25.025451','2013-08-06 22:23:25.025451',2,1.06536853,285.892040206153,49.1854779770623,5.0,162.407349,149.307343);
INSERT INTO "measurements" VALUES(421,56506.9947222222,347.723806532663,78.0,19.4999943,-50.0419998,3.56747574542635,'2013-08-06 22:23:25.026683','2013-08-06 22:23:25.026683',2,1.0655092,285.892057739456,49.1855735660919,5.0,162.408585,149.307251);
INSERT INTO "measurements" VALUES(422,56506.9948032408,352.595652173913,78.0,19.4999943,-50.0419998,3.3770297875151,'2013-08-06 22:23:25.027908','2013-08-06 22:23:25.027908',2,1.06564915,285.892169515082,49.1855798828343,5.0,162.409576,149.307251);
INSERT INTO "measurements" VALUES(423,56506.9948958333,357.052480544747,78.0,19.4999943,-50.0419998,3.60839867499088,'2013-08-06 22:23:25.029121','2013-08-06 22:23:25.029121',2,1.06579196,285.892231377691,49.1855273995949,5.0,162.410767,149.307205);
INSERT INTO "measurements" VALUES(424,56506.9949768519,358.439077102804,78.0,19.4999943,-50.0419998,3.66262418087398,'2013-08-06 22:23:25.030336','2013-08-06 22:23:25.030336',2,1.0659343,285.892218222591,49.1854740745078,5.0,162.41188,149.307129);
INSERT INTO "measurements" VALUES(425,56506.9950694445,358.058742632613,78.0,19.4999943,-50.0419998,3.55772558785609,'2013-08-06 22:23:25.031553','2013-08-06 22:23:25.031553',2,1.06607592,285.892360504813,49.1855390518884,5.0,162.412994,149.307129);
INSERT INTO "measurements" VALUES(426,56506.995162037,360.547601279318,78.0,19.4999943,-50.0419998,3.58353851903985,'2013-08-06 22:23:25.032788','2013-08-06 22:23:25.032788',2,1.06621861,285.892407986143,49.185474620252,5.0,162.4142,149.307083);
INSERT INTO "measurements" VALUES(427,56506.9952430556,363.668805066079,78.0,19.4999943,-50.0419998,3.58960552467649,'2013-08-06 22:23:25.034007','2013-08-06 22:23:25.034007',2,1.06636131,285.89236624202,49.1855884435413,5.0,162.415344,149.306946);
INSERT INTO "measurements" VALUES(428,56506.9953356482,363.5306640625,78.0,19.4999943,-50.0419998,3.58549908229283,'2013-08-06 22:23:25.035294','2013-08-06 22:23:25.035294',2,1.06650341,285.892339098601,49.1854823393629,5.0,162.416626,149.306854);
INSERT INTO "measurements" VALUES(429,56506.9954166667,365.700467581047,78.0,19.4999943,-50.0419998,3.48466906464308,'2013-08-06 22:23:25.036529','2013-08-06 22:23:25.036529',2,1.06664515,285.892319362695,49.1855112600186,5.0,162.41774,149.306763);
INSERT INTO "measurements" VALUES(430,56506.9955092593,373.48704004329,78.0,19.4999943,-50.0419998,3.27655134985457,'2013-08-06 22:23:25.037752','2013-08-06 22:23:25.037752',2,1.06678677,285.892392531742,49.1855420292302,5.0,162.41893,149.306717);
INSERT INTO "measurements" VALUES(431,56506.9955902778,394.740198863636,78.0,19.4999943,-50.0419998,3.29654485529119,'2013-08-06 22:23:25.038974','2013-08-06 22:23:25.038974',2,1.06692779,285.8924597422,49.1855354869757,5.0,162.419952,149.306686);
INSERT INTO "measurements" VALUES(432,56506.9956828704,433.557950367647,78.0,19.4999943,-50.0419998,3.74290578505572,'2013-08-06 22:23:25.040211','2013-08-06 22:23:25.040211',2,1.06707203,285.892507430974,49.1854516014424,5.0,162.421158,149.306641);
INSERT INTO "measurements" VALUES(433,56506.995775463,436.456373355263,78.0,19.4999943,-50.0419998,3.91535789088199,'2013-08-06 22:23:25.041440','2013-08-06 22:23:25.041440',2,1.06721294,285.892574308883,49.1851995500582,5.0,162.422348,149.306641);
INSERT INTO "measurements" VALUES(434,56506.9958564815,424.63277027027,78.0,19.4999943,-50.0419998,4.12329472722234,'2013-08-06 22:23:25.042665','2013-08-06 22:23:25.042665',2,1.06735444,285.892529839038,49.1911778273324,5.0,162.423584,149.305374);
INSERT INTO "measurements" VALUES(435,56506.9959490741,417.278762755102,78.0,19.4999943,-50.0419998,3.57736797722018,'2013-08-06 22:23:25.043904','2013-08-06 22:23:25.043904',2,1.0676527,285.859217345195,49.1817602625356,5.0,162.457962,149.283478);
INSERT INTO "measurements" VALUES(436,56506.9960300926,417.522996794872,78.0,19.4999943,-50.0419998,3.85668201935597,'2013-08-06 22:23:25.045173','2013-08-06 22:23:25.045173',2,1.06794608,285.825917185535,49.1855807715155,5.0,162.492355,149.259033);
INSERT INTO "measurements" VALUES(437,56506.9122453704,249.879912497622,76.0,21.0111065,-50.0419998,1.75954660898564,'2013-08-06 23:04:45.884800','2013-08-06 23:04:45.884800',3,1.00129664,285.89588329845,49.19926790826,5.0,161.231873,149.388748);
INSERT INTO "measurements" VALUES(438,56506.9086458333,250.47701863354,75.0,20.9999981,-50.0419998,1.70333794941472,'2013-08-06 23:04:45.888654','2013-08-06 23:04:45.888654',3,1.00137746,285.8958267156,49.1996256264423,5.0,161.178757,149.392197);
INSERT INTO "measurements" VALUES(439,56506.9123263889,249.854145777092,76.0,21.0111065,-50.0419998,1.78471749361261,'2013-08-06 23:04:45.891938','2013-08-06 23:04:45.891938',3,1.00129759,285.895942995912,49.1992879652956,5.0,161.233002,149.388718);
INSERT INTO "measurements" VALUES(440,56506.9087384259,250.508537174901,75.0,20.9999981,-50.0419998,1.78975949162477,'2013-08-06 23:04:45.893380','2013-08-06 23:04:45.893380',3,1.00137269,285.895772205181,49.1995622740764,5.0,161.180176,149.392075);
INSERT INTO "measurements" VALUES(441,56506.9124189815,249.802909376843,76.0,21.0111065,-50.0419998,1.94594524031846,'2013-08-06 23:04:45.894623','2013-08-06 23:04:45.894623',3,1.00129867,285.895884681352,49.1992327892693,5.0,161.234421,149.388596);
INSERT INTO "measurements" VALUES(442,56506.9088310185,250.579746835443,75.0,20.9999981,-50.0419998,1.75197428947305,'2013-08-06 23:04:45.895902','2013-08-06 23:04:45.895902',3,1.00136805,285.895903500024,49.1994282816059,5.0,161.181412,149.392105);
INSERT INTO "measurements" VALUES(443,56506.9125,249.763007694555,76.0,21.0111065,-50.0419998,1.8885202590825,'2013-08-06 23:04:45.897166','2013-08-06 23:04:45.897166',3,1.00129986,285.895928197636,49.1993315536142,5.0,161.23558,149.388519);
INSERT INTO "measurements" VALUES(444,56506.908912037,250.553814911517,75.0,20.9999981,-50.0419998,1.77530789907891,'2013-08-06 23:04:45.898397','2013-08-06 23:04:45.898397',3,1.00136352,285.895851196846,49.1993748606565,5.0,161.182663,149.391998);
INSERT INTO "measurements" VALUES(445,56506.9126851852,249.665163342006,76.0,21.0111065,-50.0419998,1.8321185825624,'2013-08-06 23:04:45.899630','2013-08-06 23:04:45.899630',3,1.00130272,285.895859774075,49.1992930110495,5.0,161.238388,149.388306);
INSERT INTO "measurements" VALUES(446,56506.9090046296,250.552727977517,75.0,20.9999981,-50.0419998,1.77379996093371,'2013-08-06 23:04:45.900878','2013-08-06 23:04:45.900878',3,1.00135922,285.895853990176,49.1993718206231,5.0,161.184021,149.391907);
INSERT INTO "measurements" VALUES(447,56506.9122453704,249.879912497622,76.0,21.0111065,-50.0419998,1.75954660898564,'2013-08-06 23:07:37.474768','2013-08-06 23:07:37.474768',4,1.00129664,285.89588329845,49.19926790826,5.0,161.231873,149.388748);
INSERT INTO "measurements" VALUES(448,56506.9086458333,250.47701863354,75.0,20.9999981,-50.0419998,1.70333794941472,'2013-08-06 23:07:37.476176','2013-08-06 23:07:37.476176',4,1.00137746,285.8958267156,49.1996256264423,5.0,161.178757,149.392197);
INSERT INTO "measurements" VALUES(449,56506.9123263889,249.854145777092,76.0,21.0111065,-50.0419998,1.78471749361261,'2013-08-06 23:07:37.477437','2013-08-06 23:07:37.477437',4,1.00129759,285.895942995912,49.1992879652956,5.0,161.233002,149.388718);
INSERT INTO "measurements" VALUES(450,56506.9087384259,250.508537174901,75.0,20.9999981,-50.0419998,1.78975949162477,'2013-08-06 23:07:37.478702','2013-08-06 23:07:37.478702',4,1.00137269,285.895772205181,49.1995622740764,5.0,161.180176,149.392075);
INSERT INTO "measurements" VALUES(451,56506.9124189815,249.802909376843,76.0,21.0111065,-50.0419998,1.94594524031846,'2013-08-06 23:07:37.479957','2013-08-06 23:07:37.479957',4,1.00129867,285.895884681352,49.1992327892693,5.0,161.234421,149.388596);
INSERT INTO "measurements" VALUES(452,56506.9088310185,250.579746835443,75.0,20.9999981,-50.0419998,1.75197428947305,'2013-08-06 23:07:37.481220','2013-08-06 23:07:37.481220',4,1.00136805,285.895903500024,49.1994282816059,5.0,161.181412,149.392105);
INSERT INTO "measurements" VALUES(453,56506.9125,249.763007694555,76.0,21.0111065,-50.0419998,1.8885202590825,'2013-08-06 23:07:37.482488','2013-08-06 23:07:37.482488',4,1.00129986,285.895928197636,49.1993315536142,5.0,161.23558,149.388519);
INSERT INTO "measurements" VALUES(454,56506.908912037,250.553814911517,75.0,20.9999981,-50.0419998,1.77530789907891,'2013-08-06 23:07:37.483735','2013-08-06 23:07:37.483735',4,1.00136352,285.895851196846,49.1993748606565,5.0,161.182663,149.391998);
INSERT INTO "measurements" VALUES(455,56506.9126851852,249.665163342006,76.0,21.0111065,-50.0419998,1.8321185825624,'2013-08-06 23:07:37.484974','2013-08-06 23:07:37.484974',4,1.00130272,285.895859774075,49.1992930110495,5.0,161.238388,149.388306);
INSERT INTO "measurements" VALUES(456,56506.9090046296,250.552727977517,75.0,20.9999981,-50.0419998,1.77379996093371,'2013-08-06 23:07:37.486259','2013-08-06 23:07:37.486259',4,1.00135922,285.895853990176,49.1993718206231,5.0,161.184021,149.391907);
INSERT INTO "measurements" VALUES(457,56506.9122453704,249.879912497622,76.0,21.0111065,-50.0419998,1.75954660898564,'2013-08-06 23:08:14.257173','2013-08-06 23:08:14.257173',5,1.00129664,285.89588329845,49.19926790826,5.0,161.231873,149.388748);
INSERT INTO "measurements" VALUES(458,56506.9086458333,250.47701863354,75.0,20.9999981,-50.0419998,1.70333794941472,'2013-08-06 23:08:14.259976','2013-08-06 23:08:14.259976',5,1.00137746,285.8958267156,49.1996256264423,5.0,161.178757,149.392197);
INSERT INTO "measurements" VALUES(459,56506.9123263889,249.854145777092,76.0,21.0111065,-50.0419998,1.78471749361261,'2013-08-06 23:08:14.261269','2013-08-06 23:08:14.261269',5,1.00129759,285.895942995912,49.1992879652956,5.0,161.233002,149.388718);
INSERT INTO "measurements" VALUES(460,56506.9087384259,250.508537174901,75.0,20.9999981,-50.0419998,1.78975949162477,'2013-08-06 23:08:14.262527','2013-08-06 23:08:14.262527',5,1.00137269,285.895772205181,49.1995622740764,5.0,161.180176,149.392075);
INSERT INTO "measurements" VALUES(461,56506.9124189815,249.802909376843,76.0,21.0111065,-50.0419998,1.94594524031846,'2013-08-06 23:08:14.263818','2013-08-06 23:08:14.263818',5,1.00129867,285.895884681352,49.1992327892693,5.0,161.234421,149.388596);
INSERT INTO "measurements" VALUES(462,56506.9088310185,250.579746835443,75.0,20.9999981,-50.0419998,1.75197428947305,'2013-08-06 23:08:14.265082','2013-08-06 23:08:14.265082',5,1.00136805,285.895903500024,49.1994282816059,5.0,161.181412,149.392105);
INSERT INTO "measurements" VALUES(463,56506.9125,249.763007694555,76.0,21.0111065,-50.0419998,1.8885202590825,'2013-08-06 23:08:14.266343','2013-08-06 23:08:14.266343',5,1.00129986,285.895928197636,49.1993315536142,5.0,161.23558,149.388519);
INSERT INTO "measurements" VALUES(464,56506.908912037,250.553814911517,75.0,20.9999981,-50.0419998,1.77530789907891,'2013-08-06 23:08:14.267593','2013-08-06 23:08:14.267593',5,1.00136352,285.895851196846,49.1993748606565,5.0,161.182663,149.391998);
INSERT INTO "measurements" VALUES(465,56506.9126851852,249.665163342006,76.0,21.0111065,-50.0419998,1.8321185825624,'2013-08-06 23:08:14.268857','2013-08-06 23:08:14.268857',5,1.00130272,285.895859774075,49.1992930110495,5.0,161.238388,149.388306);
INSERT INTO "measurements" VALUES(466,56506.9090046296,250.552727977517,75.0,20.9999981,-50.0419998,1.77379996093371,'2013-08-06 23:08:14.270096','2013-08-06 23:08:14.270096',5,1.00135922,285.895853990176,49.1993718206231,5.0,161.184021,149.391907);
DELETE FROM sqlite_sequence;
INSERT INTO "sqlite_sequence" VALUES('observations',5);
INSERT INTO "sqlite_sequence" VALUES('measurements',466);
CREATE UNIQUE INDEX "unique_schema_migrations" ON "schema_migrations" ("version");
CREATE INDEX "index_measurements_on_observation_id" ON "measurements" ("observation_id");
CREATE INDEX "index_observations_on_night_id" ON "observations" ("night_id");
COMMIT;
